,sample_id,Ht(cm),# Leaves,Length LL (cm),Width LL (cm),Stem Diameter (mm),# Inflorescences,# Flowers Per (x2),Herbivory,length_leaf,width_leaf,apical_angle ,base_angle ,L/W,L/V,Secondary_veins,stomata_density,trichome_density,Comp.1
0,BLDTT0,93.3,22,16.5,7.3,10.5,5,"46(1), 53(1)","1=5, 2=1",,,,,,,,,,
2,BLDTT1,70.7,14,15.4,7.1,8.9,5,"20(2), 25(5)","1=2, 2=3",,,,,,,,,,
4,BLDTT2,83.4,18,15.6,7.4,11.9,7,"24(3), 19(4)","1=3, 2=1",,,,,,,,,,
6,BLDTT3,44.9,9,7.5,3.6,3.6,0,,"1=3, 2=5",,,,,,,,,,
8,BLDTT4,78.8,17,13.9,7.2,10.5,3,"21(5), 26(2)","1=3, 2=2",,,,,,,,,,
10,BLDTT5,49.4,10,8.5,4.3,5.4,0,,"1=2, 2=4",,,,,,,,,,
12,BLDTT6,70.4,16,11.6,5.6,6.7,0,,"1=9, 2=4, 3=1",,,,,,,,,,
14,BLDTT7,40.1,1,5.1,3.4,6.8,0,,2=1,,,,,,,,,,
16,BLDTT8,41.8,6,6.3,3.3,4.4,0,,"1=1, 2=3",,,,,,,,,,
18,BLDTT9,59.9,15,11.2,5.9,8.7,0,,"1=6, 2=5",,,,,,,,,,
20,BLDTT10,37.6,8,7.5,3.3,3.3,0,,"1=2, 2=2, 3=1",,,,,,,,,,
22,BLDTT11,67.1,14,10.4,5.7,7.3,2,"NA(7), 2(6)","1=3, 2=2",,,,,,,,,,
24,BLDTT12,39.9,8,8.2,3.9,5.0,0,,"1=3, 2=5",,,,,,,,,,
26,BLDTT13,39.1,12,11.8,5.3,7.6,0,,"1=1, 2=5",,,,,,,,,,
28,BLDTT14,26.4,10,9.8,4.1,4.5,0,,"1=4, 2=3, 3=1, 4=1",,,,,,,,,,
30,BLDTT15,69.8,16,13.8,6.5,13.5,4,"62(1), 58(1)","1=2, 2=2",,,,,,,,,,
32,BLDTT16,53.5,16,13.1,6.2,8.5,2,"5(0), 65(0)","1=3, 2=2",,,,,,,,,,
34,BLDTT17,57.4,15,12.6,5.7,8.4,2,"61(1), 57(0)",2=2,,,,,,,,,,
36,BLDTT18,42.9,10,10,7.5,6.4,0,,"1=6, 2=3",,,,,,,,,,
38,BLDTT19,75.8,17,15,7.0,14.0,5,"61(5), 57(5)","1=3, 2=1",,,,,,,,,,
40,BLDTT20,65.6,16,14.6,6.9,13.0,6,"50(1), 61(1)",1=3,,,,,,,,,,
42,BLDTT21,31.1,11,11,4.2,5.4,0,,"1=3, 2=1",,,,,,,,,,
44,BLDTT22,66.8,18,14.6,6.8,10.7,4,"45(5), 48(2)","1=1, 2=1",,,,,,,,,,
46,BLDTT23,39.4,11,10.2,3.9,7.4,0,,1=1,,,,,,,,,,
48,BLDTT24,76.2,22,16.4,8.0,12.7,5,"51(5), 53(1)","1=2, 2=2",,,,,,,,,,
50,BLDTT25,61.3,18,12.8,7.5,16.1,3,"65(0), 58(0)","1=2, 2=2",,,,,,,,,,
52,BLDTT26,34.1,13,10,4.1,4.0,0,,"1=2, 2=3",,,,,,,,,,
54,BLDTT27,45.5,19,11.7,4.1,6.0,0,,1=4,,,,,,,,,,
56,BLDTT28,49.2,13,12.4,5.6,6.8,3,"47(2), 13(1)","1=5, 2=1",,,,,,,,,,
58,BLDTT29,72.5,18,13.5,5.5,9.4,5,"54(5), 41(3)",1=3,,,,,,,,,,
60,BLDTT30,60.6,14,10.2,5.1,7.4,0,,"1=5, 2=2",,,,,,,,,,
62,BLDTT31,96.2,26,17.7,8.2,13.7,8,"56(5), 88(2)",1=2,,,,,,,,,,
64,BLDTT32,88.1,22,15.2,6.9,12.0,6,"41(4), 38(3)","1=1, 2=1",,,,,,,,,,
66,BLDTT33,106.8,28,18.6,8.4,17.1,9,"105(5), 86(5)",1=7,,,,,,,,,,
68,BLDTT34,96.4,23,15.7,7.0,11.4,7,"80(4), 76(1)",1=3,,,,,,,,,,
70,BLDTT35,68.7,17,13.4,4.8,8.6,5,"64(5), 48(5)",1=9. 2=1,,,,,,,,,,
72,BLDTT36,74.8,24,15,5.9,10.9,4,"32(6), 33(5)",1=6,,,,,,,,,,
74,BLDTT37,99.3,26,17.9,8.1,14.0,10,"51(5), 47(4)",1=9,,,,,,,,,,
76,BLDTT38,67.9,19,12,5.5,7.9,5,"54(5), 47(5)","1=2, 2=1, 6=1",,,,,,,,,,
78,BLDTT39,83.1,23,15.2,5.7,10.6,6,"39(5), 28(5)",1=8,,,,,,,,,,
80,BLDTT40,61.4,15,11.8,5.9,7.1,4,"46(6), 52(5)","1=3, 2=1",,,,,,,,,,
82,BLDTT41,70.0,20,14.6,5.8,8.6,5,"27(5), 58(5)","1=5, 2=1",,,,,,,,,,
84,BLDTT42,60.2,18,13.7,5.2,8.3,4,"40(5), 40(5)",1=6,,,,,,,,,,
86,BLDTT43,72.5,21,16.1,7.3,12.1,5,"60(5), 45(5)",1=5,,,,,,,,,,
88,BLDTT44,82.1,22,15.9,8.3,10.9,5,"60(5), 48(2)",1=3,,,,,,,,,,
90,BLDTT45,39.6,11,12.7,6.0,7.4,1,27(6),,,,,,,,,,,
92,BLDTT46,93.6,23,19.1,9.3,15.1,7,"47(5), 59(5)",1=8,,,,,,,,,,
94,BLDTT47,55.5,15,13.6,6.3,9.1,3,"29(5), 50(3)","1=4, 2=1",,,,,,,,,,
96,BLDTT48,67.3,19,15.5,7.1,11.5,4,"39(5), 36(5)",1=5,,,,,,,,,,
98,BLDTT49,84.7,23,18.9,8.4,5.5,8,"31(5), 47(5)","1=9, 2=4",,,,,,,,,,
100,BLDTT50,72.2,16,13.7,6.0,9.5,3,"34(3), 10(1)",1=7,,,,,,,,,,
102,BLDTT51,86.8,18,14.6,7.4,10.8,4,"11(6), 12(4)","1=5, 2=2",,,,,,,,,,
104,BLDTT52,89.6,22,16.2,7.4,12.9,4,"54(3), 65(1)",1=3,,,,,,,,,,
106,BLDRV0,50.9,11,12.2,4.0,5.6,0,,2=6,,,,,,,,,,
107,BLDRV1,81.7,16,14.1,6.7,11.5,3,"18(5), 15(2)","1=7, 2=1",,,,,,,,,,
108,BLDRV2,79.0,19,14.5,6.8,11.7,2,"8(2), 17(5)",1=8,,,,,,,,,,
109,BLDRV3,71.5,16,14,6.3,8.9,1,9(1),"1=4, 2=3",,,,,,,,,,
110,BLDRV4,61.8,10,13.3,6.5,8.1,2,"35(6), NA(7)","1=3, 2=2, 3=1",,,,,,,,,,
111,BLDRV5,86.0,18,13.5,6.3,12.6,3,"20(5), 14(2)","1=3, 2=2",,,,,,,,,,
112,BLDRV6,71.1,17,14.7,7.0,11.5,0,,"1=9, 2=2",,,,,,,,,,
113,BLDRV7,23.4,5,6.8,2.5,2.6,0,,"2=1, 3=1",,,,,,,,,,
114,BLDRV8,65.2,14,13.5,5.9,10.7,0,,"1=5, 2=6",,,,,,,,,,
115,BLDRV9,43.8,10,8,4.8,5.5,0,,"1=6, 2=3, 3=1",,,,,,,,,,
116,BLDRV10,86.0,16,15.2,7.3,12.0,5,"17(7), 7(6)","1=4, 2=2",,,,,,,,,,
117,BLDRV11,37.5,7,9.5,3.3,4.0,0,,"1=3, 2=4",,,,,,,,,,
118,BLDRV12,79.6,15,14.7,7.4,13.3,4,"14(7), 18(6)","1=6, 2=5",,,,,,,,,,
119,BLDRV13,61.7,15,13.8,5.9,7.4,0,,"1=7, 2=6",,,,,,,,,,
120,BLDRV14,77.6,16,14,5.9,8.9,1,10(1),"1=12, 2=3",,,,,,,,,,
121,BLDRV15,66.4,15,12.4,5.5,7.1,0,,"1=5, 2=10",,,,,,,,,,
122,BLDRV16,71.5,16,14,5.7,9.6,5,"NA(7), 24(0)","1=7, 2=6",,,,,,,,,,
123,BLDRV17,49.0,9,10.9,4.9,4.5,0,,"1=2, 2=6, 3=1",,,,,,,,,,
124,BLDRV18,67.5,20,14.6,5.9,8.3,0,,"1=9, 2=3",,,,,,,,,,
125,BLDRV19,105.9,26,18.5,8.8,14.6,8,"14(5), 27(1)","1=11, 2=2",,,,,,,,,,
126,BLDRV20,28.2,9,10.8,4.0,4.2,0,,"1=2, 2=3",,,,,,,,,,
127,BLDRV21,58.8,18,12.8,5.4,6.5,0,,"1=9, 2=2, 3=1",,,,,,,,,,
128,BLDRV22,90.2,17,15.5,7.2,11.5,3,"44(0), 20(0)",1=6,,,,,,,,,,
129,BLDRV23,17.3,4,5.1,1.8,1.5,0,,,,,,,,,,,,
130,BLDRV24,44.2,7,8.1,4.6,3.7,0,,"1=1, 2=4, 3=1",,,,,,,,,,
131,BLDRV25,97.8,19,15.6,7.3,11.5,6,"27(7), NA(7)",1=5,,,,,,,,,,
132,BLDRV26,77.5,18,13.2,5.3,8.7,0,,1=5,,,,,,,,,,
133,BLDRV27,57.7,12,16,7.0,7.5,0,,"1=8, 2=1",,,,,,,,,,
134,BLDRV28,119.1,26,18,8.0,10.0,4,"45(1), 42(0)","1=7, 2=1",,,,,,,,,,
135,BLDRV29,84.4,19,14.2,5.6,11.3,2,"NA(7), NA(7)","1=7, 4=1",,,,,,,,,,
136,BLDRV30,69.9,18,15.2,5.8,9.0,0,,"1=2, 2=2",,,,,,,,,,
137,SKYT10,113.2,23,19.2,10.6,14.0,5,"51(5), 52(3)",1=7,,,,,,,,,,
138,SKYT11,98.2,20,17.7,9.1,11.2,5,"62(5), 51(3)",1=3,,,,,,,,,,
139,SKYT12,110.1,22,20.4,10.0,12.9,6,"44(5), 50(5)","1=1, 2=1",,,,,,,,,,
140,SKYT13,85.8,18,16.4,7.9,10.1,4,"61(5), 75(5)","1=3, 2=1",,,,,,,,,,
141,SKYT14,32.8,8,9.6,3.0,2.5,0,,,,,,,,,,,,
142,SKYT15,100.1,23,18.4,9.4,12.3,6,"46(3), 45(1)",1=4,,,,,,,,,,
143,SKYT16,105.1,20,17.7,7.8,11.9,6,"39(6), 54(5)",1=3,,,,,,,,,,
144,SKYT17,119.7,25,17.9,7.0,10.9,7,"53(5), 62(5)",1=3,,,,,,,,,,
145,SKYT18,106.4,26,17.1,7.6,14.0,7,"31(5), 48(1)",1=4,,,,,,,,,,
146,SKYT19,92.4,19,18,7.4,9.6,6,"42(5), 43(1)",1=3,,,,,,,,,,
147,SKYT110,48.9,18,12.7,4.6,7.6,0,,1=8,,,,,,,,,,
148,SKYT111,33.9,13,11.1,3.9,5.0,0,,1=2 2=1,,,,,,,,,,
149,SKYT112,114.4,27,19.3,9.2,13.4,8,"76(5), 70(5)",1=3,,,,,,,,,,
150,SKYT113,121.6,31,19.6,9.5,12.4,10,"62(5), 74(4)",1=3,,,,,,,,,,
151,SKYT114,39.0,11,11.1,3.5,4.2,0,,,,,,,,,,,,
152,SKYT115,92.2,24,19,7.7,11.2,4,"47(1), 54(0)",1=5,,,,,,,,,,
153,SKYT116,58.1,22,16.1,6.2,7.3,0,,1=3,,,,,,,,,,
154,SKYT117,33.3,14,11.9,3.9,4.6,0,,"1=4, 2=2",,,,,,,,,,
155,SKYT118,86.3,28,17.8,8.0,12.2,6,"60(5), 58(2)",1=3,,,,,,,,,,
156,SKYT119,45.5,24,14.4,4.7,7.2,0,,1=1,,,,,,,,,,
157,SKYT120,96.7,39,16.6,7.1,13.3,8,"65(5), 79(8)",1=2,,,,,,,,,,
158,SKYT121,45.4,22,14.9,5.4,6.7,0,,1=2,,,,,,,,,,
159,SKYT122,41.2,19,13.5,4.8,6.9,0,,1=2,,,,,,,,,,
160,SKYT123,36.4,20,12.6,4.0,5.4,0,,1=3,,,,,,,,,,
161,SKYT124,48.3,22,15,5.5,7.4,0,,1=5,,,,,,,,,,
162,SKYT125,41.3,16,11.7,3.8,6.2,1,"23(4), NA",1=3,,,,,,,,,,
163,SKYT126,37.6,19,11.2,3.4,5.1,0,,,,,,,,,,,,
164,SKYT127,34.2,17,11.7,4.1,5.6,0,,"1=3, 2=1",,,,,,,,,,
165,SKYT128,67.3,25,14.3,5.6,7.2,2,"55(3), 35(0)",1=5,,,,,,,,,,
166,SKYT129,90.9,31,18.1,7.4,11.0,5,"58(5), 61(5)",1=5,,,,,,,,,,
167,SKYT130,88.1,27,19.7,7.3,11.2,5,"46(1), 39(0)",1=11,,,,,,,,,,
168,KCKT10,39.8,6,10.7,6.6,8.5,,,,,,,,,,,,,
169,KCKT11,91.9,20,14.9,8.7,9.8,,,1=6,,,,,,,,,,
170,KCKT12,46.3,14,13.1,6.4,5.0,,,1=2,,,,,,,,,,
171,KCKT13,94.2,17,14.8,7.0,8.1,1,7(NA),,,,,,,,,,,
172,KCKT14,88.0,23,16.6,9.1,9.0,2,"7(NA), 7(NA)",1=4,,,,,,,,,,
173,KCKT15,108.1,21,21.4,8.0,11.0,2,"7(NA), 7(NA)",1=1,,,,,,,,,,
174,KCKT16,120.8,27,20.3,9.1,10.4,1,7(NA),1=2,,,,,,,,,,
175,KCKT17,104.2,33,22.3,8.1,9.7,,,1=12,,,,,,,,,,
176,KCKT18,137.7,29,21.2,10.8,13.1,4,"7(NA), 7(NA)",1=4,,,,,,,,,,
177,KCKT19,119.1,31,18.2,8.9,10.2,,,1=5,,,,,,,,,,
178,KCKT110,115.5,35,18.9,9.7,11.3,,,1=1,,,,,,,,,,
179,KCKT111,104.2,35,16.1,6.6,8.5,,,1=2,,,,,,,,,,
180,KCKT112,61.1,21,16.1,5.7,8.2,,,,,,,,,,,,,
181,KCKT213,22.1,6,6.5,2.3,8.2,,,1=1,,,,,,,,,,
182,KCKT114,28.9,8,10,4.1,3.8,,,"1=1, 2=1, 5=1",,,,,,,,,,
183,KCKT115,90.0,22,17.1,7.6,8.8,,,1=4,,,,,,,,,,
184,KCKT116,86.5,20,11.6,5.3,7.0,,,1=2,,,,,,,,,,
185,KCKT117,72.9,15,13.9,5.7,7.4,,,1=1,,,,,,,,,,
186,KCKT118,93.0,21,15.6,6.2,9.9,,,,,,,,,,,,,
187,WARTT10,49.6,20,10.6,5.2,8.2,,,1=1,,,,,,,,,,
188,WARTT11,84.2,34,17.2,9.9,12.3,2,"61(7), 37(7)","1=2, 2=1",,,,,,,,,,
189,WARTT12,97.7,32,17,8.5,15.2,8,"NA(7), NA(7)",1=4,,,,,,,,,,
190,WARTT13,36.2,17,10,3.4,3.5,0,,,,,,,,,,,,
191,WARTT14,95.0,36,17,9.9,15.5,5,"NA(7), 47(7)",,,,,,,,,,,
192,WARTT15,63.1,22,13.3,5.6,9.6,2,"NA(7), NA(7)",,,,,,,,,,,
193,WARTT16,140.3,42,19.6,11.3,21.1,18,"38(7), 24(1)",1=7,,,,,,,,,,
194,WARTT17,109.1,35,18.6,9.9,14.9,6,"NA(7), NA(7)","1=6, 2=1",,,,,,,,,,
195,WARTT18,129.1,36,21.2,11.2,17.5,12,"NA(7), 52(6)","1=2, 2=2",,,,,,,,,,
196,WARTT19,78.8,22,16.4,9.0,13.2,5,"NA(7), NA(7)",1=2,,,,,,,,,,
197,WARTT110,26.9,10,7.2,2.0,3.9,,,,,,,,,,,,,
198,WARTT111,123.9,35,19.7,10.6,16.6,12,"NA(7), NA(7)",1=3,,,,,,,,,,
199,WARTT112,101.5,34,16.1,8.6,14.1,2,"46(7), 50(7)",1=7,,,,,,,,,,
200,WARTT113,104.0,33,20.1,10.1,16.5,7,"52(7), 49(6)",1=4,,,,,,,,,,
201,WARTT114,114.4,26,18.5,9.5,14.4,8,"NA(7), NA(7)",1=1,,,,,,,,,,
202,WARTT115,108.3,31,17,8.8,14.5,10,"41(5), 30(3)",1=1,,,,,,,,,,
203,WARTT116,110.4,27,17.2,8.9,15.2,6,"NA(7), NA(7)",,,,,,,,,,,
204,WARTT117,53.2,11,10.6,4.1,8.0,0,NA(7),1=1,,,,,,,,,,
205,WARTT118,79.4,24,15.1,8.4,13.2,4,NA(7),1=1,,,,,,,,,,
206,WARTT119,93.2,39,17.6,9.0,16.1,5,"68(7), 61(6)",1=1,,,,,,,,,,
207,WARTT120,73.1,28,14.9,7.1,12.4,,,,,,,,,,,,,
208,WARTT121,92.4,28,16,9.4,17.5,7,NA(7),"1=5, 2=2",,,,,,,,,,
209,WARTT122,95.4,38,17.7,9.7,15.7,6,NA(7),1=8,,,,,,,,,,
210,WARTT123,41.0,15,12,5.6,6.0,,,1=1,,,,,,,,,,
211,WARTT124,22.1,10,8.1,2.6,3.9,,,,,,,,,,,,,
212,SBR1,117.5,17,21.1,9.7,13.9,5?,3 Fruit,"1=9, 2=2",,,,,,,,,,
213,SBR2,74.9,16,16.6,8.0,9.9,2?,,"2=2, 1=8",,,,,,,,,,
214,SBR3,36.2,13,10,4.1,5.0,NA 0?,,"2=3, 1=7",,,,,,,,,,
215,SBR4,64.6,14,16,6.4,7.2,2,,"2=3, 1=9",,,,,,,,,,
216,SBR5,73.4,18,16.2,7.6,9.1,6?,1 Fruit,"1=11, 2=1",,,,,,,,,,
217,SBR6,51.5,18,15.3,6.1,7.7,0?,,"2=2, 1=13",,,,,,,,,,
218,SBR7,66.4,18,16.9,7.6,9.1,3?,,1=11,,,,,,,,,,
219,SBR8,75.9,22,17.9,8.3,9.1,5?,,"2=5, 1=13",,,,,,,,,,
220,SBR9,48.2,12,12,3.2,5.6,NA 0?,,"1=7, 2=4, 3=1",,,,,,,,,,
221,SBR10,102.4,21,19.1,8.4,11.4,5?,,"1=7, 2=2",,,,,,,,,,
222,SBR11,70.5,22,14,6.9,9.5,4?,,"1=8,  2=2",,,,,,,,,,
223,SBR12,59.4,17,14.5,5.8,7.7,0?,,"1=8, 2=2",,,,,,,,,,
224,SBR13,107.7,26,17.8,8.4,11.5,5?,3 Fruit,1=6,,,,,,,,,,
225,SBR14,80.5,22,14.7,7.0,9.7,2?,2 Fruit,"1=5, 2=1",,,,,,,,,,
226,SBR15,109.7,29,15.8,7.8,15.3,7?,,1=11,,,,,,,,,,
227,SBR16,68.8,20,13,4.7,7.5,0?,,"1=6, 2=1",,,,,,,,,,
228,SBR17,48.3,14,11.5,4.4,6.5,0?,,"1=4, 2=1",,,,,,,,,,
229,SBR18,69.3,20,13.5,4.8,9.0,0?,,1=5,,,,,,,,,,
230,SBR19,72.9,19,13.5,5.8,8.3,0?,,"1=6, 2=1",,,,,,,,,,
231,SBR20,65.2,16,12.7,3.7,7.3,0?,,"2=1, 1=4, 3=1",,,,,,,,,,
232,BTU1,120.4,26,16.4,6.4,10.9,2,2 Fruit,"1=16, 2=2",,,,,,,,,,
233,BTU2,107.1,20,16.7,6.8,9.0,2?,1 Fruit,"1=8, 2=2",,,,,,,,,,
234,BTU3,167.6,25,23.6,12.6,15.9,3?,10 Fruit,1=19,,,,,,,,,,
235,BTU4,85.1,18,19.7,9.4,8.1,0?,,"2=2, 1=11",,,,,,,,,,
236,BTU5,75.1,9,20.3,10.8,14.0,0?,,1=5,,,,,,,,,,
237,BTU6,116.2,29,18.8,9.3,10.6,1?,,"1=14, 2=1",,,,,,,,,,
238,BTU7,130.4,34,18.6,8.1,13.4,3,7 Fruit,"1=22, 2=1",,,,,,,,,,
239,BTU8,14.1,7,7.7,3.9,4.0,,,"3=3, 1=3, 2=1",,,,,,,,,,
240,BTU9,100.9,36,19.1,10.0,13.8,4?,,1=30,,,,,,,,,,
241,BTU10,105.5,34,18.1,7.5,12.2,3?,,"1=19, 2=3",,,,,,,,,,
242,BTU11,52.9,38,17.8,9.1,12.5,4?,,"1=17, 2=3",,,,,,,,,,
243,BTU12,87.9,28,13.8,6.6,8.4,,,"1=18, 2=2",,,,,,,,,,
244,BTU13,142.4,36,21.6,8.3,12.6,7?,1 Fruit,"1=19, 2=1",,,,,,,,,,
245,BTU14,110.4,32,17.9,6.6,9.7,1?,1 Fruit,"1=19, 2=2",,,,,,,,,,
246,BTU15,119.6,25,14.6,7.6,11.4,2?,,"1=23, 2=3",,,,,,,,,,
247,BTU16,30.7,9,8.5,3.2,3.1,,,"1=2, 2=4",,,,,,,,,,
248,BTU17,60.4,16,12.6,5.3,6.6,,,"3=3, 2=3, 1=7",,,,,,,,,,
249,BTU18,100.0,20,17.8,9.0,9.7,,,"1=14, 2=2",,,,,,,,,,
250,BTU19,125.1,22,18.5,8.1,9.8,4?,2 Fruit,"1=16, 2=1",,,,,,,,,,
251,BTU20,70.0,15,15.2,5.6,7.2,,,"1=12, 2=1",,,,,,,,,,
252,RRL1,90.0,13,,,6.0,4,,none,13.86187096,5.231263257,20.0465,62.7935,2.649813301,0.5898668494,23.5,243.9741329,11.0864745,1.792217083
253,RRL2,100.0,14,,,5.0,5,,none,,,,,,,,,,
254,RRL3,76.0,14,,,5.0,3,,none,12.55383524,5.426642366,35.633,53.8765,2.313370661,0.7846147022,16.0,205.7613169,4.4345898,1.862782578
255,RRL4,84.0,17,,,5.0,3,,none,13.19489781,5.181329251,24.2375,38.7905,2.546624075,0.6766614261,19.5,196.9429747,5.912786401,2.291693597
256,RRL5,130.0,18,,,7.0,2,,none,10.31948846,3.488876923,42.0265,73.5215,2.957825309,0.4127795385,25.0,220.4585538,13.3037694,1.905388603
257,RRL6,120.0,19,,,6.0,4,,none,16.40155989,5.432252653,27.8005,69.488,3.019292535,0.5964203595,27.5,176.366843,8.869179601,1.682355202
258,RRL7,100.0,14,,,6.0,4,,none,14.42028711,5.677734075,33.524,67.888,2.539796143,0.7034286393,20.5,188.1246326,14.0428677,1.830983843
259,RRL8,93.0,18,,,5.0,3,,none,14.59825802,4.567379925,20.0215,83.0295,3.196199628,0.5839303207,25.0,202.8218695,17.7383592,1.766896566
260,RRL9,106.0,16,,,6.0,5,,none,12.91182877,5.572386986,25.3355,75.407,2.317109131,0.6148489889,21.0,232.2163433,11.8255728,1.712262616
261,RRL10,93.0,19,,,5.0,1,,none,16.23326623,5.636828282,27.7165,39.066,2.879858215,0.6763860931,24.0,226.3374486,9.608277901,1.864137049
262,RRL11,146.0,20,,,8.0,6,,3=2,,,,,,,,,,
263,RRL12,114.0,16,,,7.0,5,,2=2,,,,,,,,,,
264,RRL13,126.0,26,,,8.0,9,,2=1,,,,,,,,,,
265,RRL14,102.0,18,,,7.0,2,,1=1,,,,,,,,,,
266,RRL15,144.0,24,,,9.0,8,,1=1,,,,,,,,,,
267,RRL16,141.0,24,,,9.0,6,,none,,,,,,,,,,
268,RRL17,114.0,18,,,7.0,5,,none,,,,,,,,,,
269,RRL18,142.0,19,,,8.0,5,,none,,,,,,,,,,
270,RRL19,142.0,20,,,7.0,5,,none,,,,,,,,,,
271,RRL20,110.0,16,,,8.0,3,,none,,,,,,,,,,
272,RRL21,127.0,16,,,8.0,5,,1=1,,,,,,,,,,
273,RRL22,92.0,17,,,6.0,5,,none,,,,,,,,,,
274,FRW1,130.0,11,,,10.0,5,,none,16.50553396,6.212598121,106.5285,91.0755,2.65678443,0.3929889038,42.0,291.005291,78.34441981,0.2400906994
275,FRW2,133.0,11,,,12.0,6,,none,17.81741764,7.354929694,87.3465,102.611,2.422513658,0.4003914076,44.5,285.1263962,75.38802661,1.857220334
276,FRW3,113.0,19,,,11.0,7,,none,19.26020617,9.375380658,93.9905,104.245,2.054338578,0.4328136218,44.5,305.7025279,73.17073171,0.9506579361
278,FRW4,130.0,12,,,10.0,,,none,17.62899946,8.063001605,98.2,111.222,2.186406543,0.375085095,47.0,270.4291593,66.51884701,-2.823254823
279,FRW 5,132.0,13,,,15.0,7,,none,,,,,,,,,,
280,FRW6,116.0,16,,,12.0,6,,none,17.15950071,7.4338293,111.4335,94.634,2.308298996,0.4515658082,38.0,255.7319224,56.91056911,-3.308801907
281,FRW8,119.0,16,,,10.0,3,,none,17.90911715,7.258023394,111.9325,95.12,2.467492343,0.4477279287,40.0,305.7025279,74.64892831,-2.867885559
282,FRW9,132.0,21,,,18.0,5,,none,17.85562559,6.801586841,101.217,97.343,2.625214676,0.4355030632,41.0,299.8236332,82.77900961,1.387996409
283,FRW10,141.0,14,,,15.0,3,,none,20.10964043,10.00065209,111.6065,113.8105,2.010832919,0.4731680101,42.5,296.8841858,70.95343681,-3.322679878
284,FRW11,120.0,12,,,15.0,7,,none,,,,,,,,,,
285,FRW12,107.0,13,,,11.0,5,,none,,,,,,,,,,
286,FRW13,116.0,17,,,12.0,5,,none,,,,,,,,,,
287,FRW14,128.0,17,,,15.0,6,,none,,,,,,,,,,
288,FRW15,99.0,14,,,10.0,4,,none,,,,,,,,,,
289,FRW16,115.0,18,,,11.0,4,,none,,,,,,,,,,
290,FRW17,127.0,14,,,16.0,6,,none,,,,,,,,,,
291,FRW18,128.0,8,,,15.0,5,,none,,,,,,,,,,
292,FRW19,97.0,14,,,11.0,5,,none,,,,,,,,,,
293,FRW20,114.0,13,,,13.0,5,,none,,,,,,,,,,
294,FRW21,104.0,14,,,12.0,3,,none,,,,,,,,,,
295,FRW22,102.0,17,,,14.0,5,,none,,,,,,,,,,
296,MMP1,69.0,23,,,10.0,0,,none,13.76926272,4.498923445,89.087,80.3525,3.060568354,0.3991090644,34.5,320.3997648,79.08351811,1.482290991
297,MMP2,72.0,22,,,7.0,0,,none,11.97054034,4.249712307,93.0715,80.4915,2.816788404,0.3150142196,38.0,346.8547913,103.473762,2.011770988
298,MMP3,87.5,20,,,13.0,0,,none,15.19337191,5.028176384,88.888,83.13,3.021646567,0.3946330365,38.5,382.1281599,87.21359941,1.133152702
299,MMP4,70.0,18,,,11.0,0,,none,17.77155497,5.957624798,94.6785,95.588,2.982993318,0.4181542345,42.5,279.2475015,70.21433851,-3.037259267
300,MMP5,75.5,17,,,9.0,0,,none,13.15042787,4.642848884,82.181,100.1835,2.832404887,0.3329222245,39.5,285.1263962,76.86622321,-0.1287587557
301,MMP6,68.5,19,,,12.0,0,,none,11.8080134,4.531687025,86.4235,99.9085,2.605655098,0.295200335,40.0,326.2786596,74.64892831,1.164258875
302,MMP7,89.0,18,,,11.0,6,,none,,,,,,,,,,
303,MMP8,70.0,21,,,9.0,0,,1=1,,,,,,,,,,
304,MMP9,65.0,14,,,8.0,2,,none,12.30810658,4.304217256,64.969,93.285,2.859545847,0.3372083994,36.5,276.3080541,67.99704361,-2.531630536
305,MMP10,82.0,18,,,11.0,5,,none,15.31102997,5.149408597,85.562,87.663,2.973356975,0.3876210118,39.5,352.7336861,76.86622321,-2.228242489
306,MMP11,74.0,13,,,12.0,3,,1=1,,,,,,,,,,
307,MMP12,100.0,11,,,11.0,4,,none,,,,,,,,,,
308,MMP13,85.0,19,,,14.0,2,,none,,,,,,,,,,
309,MMP14,95.0,28,,,15.0,0,,"2=1,3=1",,,,,,,,,,
310,MMP15,88.0,18,,,9.0,4,,1=1,,,,,,,,,,
311,MMP16,75.0,19,,,10.0,3,,none,,,,,,,,,,
312,MMP17,82.5,17,,,11.0,3,,none,,,,,,,,,,
313,MMP18,98.0,22,,,15.0,3,,2=2,,,,,,,,,,
314,MMP19,86.0,22,,,12.0,1,,none,,,,,,,,,,
315,MMP20,75.0,20,,,9.0,2,,1=1,,,,,,,,,,
316,CMB1,76.0,11,,,6.0,2,,5=8,16.93502556,6.259479579,78.6565,122.7,2.705500569,0.3805623722,44.5,238.0952381,62.82335551,-3.308627047
317,CMB2,109.0,18,,,11.0,5,,5=4,15.26892495,5.522864019,100.6285,111.495,2.764675157,0.3679259023,41.5,335.0970018,100.5173688,-3.47909572
318,CMB3,87.0,18,,,7.0,4,,none,12.06702135,3.781836377,71.8625,87.981,3.190783564,0.2742504853,44.0,349.7942387,70.95343681,-4.429496889
319,CMB4,110.0,20,,,11.0,6,,none,20.06607628,8.443167561,97.795,94.6,2.376605242,0.4509230626,44.5,411.5226337,87.95269771,2.002965631
320,CMB5,58.0,12,,,5.0,1,,none,16.38048732,6.334055669,96.794,103.5335,2.586097782,0.4095121829,40.0,343.9153439,76.12712491,2.261206155
321,CMB6,108.0,21,,,10.0,5,,2=1,18.29561937,7.762454459,101.053,110.424,2.356937418,0.420588951,43.5,305.7025279,86.47450111,2.135971193
322,CMB7,84.0,18,,,8.0,3,,none,18.38066801,4.590635469,115.727,113.4115,4.003948502,0.4595167003,40.0,355.6731335,86.47450111,1.623446086
323,CMB8,94.0,14,,,11.0,0,,none,13.72280821,5.072855843,82.512,120.6785,2.705144525,0.3347026392,41.0,329.218107,87.21359941,1.443250719
324,CMB9,83.0,13,,,10.0,0,,none,11.77483061,3.70753274,62.711,119.5975,3.175920872,0.3514874809,33.5,299.8236332,89.43089431,1.677072654
325,CMB10,115.0,18,,,14.0,2,,none,19.15211255,7.332487721,86.387,122.382,2.611952898,0.4848636089,39.5,299.8236332,67.99704361,1.884568239
326,CMB11,117.0,15,,,14.0,7,,none,,,,,,,,,,
327,CMB12,73.0,15,,,9.0,0,,none,,,,,,,,,,
328,CMB13,94.0,18,,,11.0,1,,none,,,,,,,,,,
329,CMB14,111.0,17,,,11.0,4,,none,,,,,,,,,,
330,CMB15,92.0,,,,10.0,0,,none,,,,,,,,,,
331,CMB16,81.0,15,,,10.0,0,,none,,,,,,,,,,
332,CMB17,90.0,18,,,10.0,0,,none,,,,,,,,,,
333,CMB18,97.0,17,,,12.0,0,,none,,,,,,,,,,
334,CMB19,104.0,13,,,10.0,4,,none,,,,,,,,,,
335,CMB20,87.0,12,,,10.0,3,,none,,,,,,,,,,
336,CMB21,97.0,14,,,10.0,3,,none,,,,,,,,,,
337,CMB22,114.0,14,,,12.0,4,,none,,,,,,,,,,
338,CMB23,94.0,15,,,11.0,5,,none,,,,,,,,,,
339,CMB24,117.0,14,,,12.0,7,,1=1,,,,,,,,,,
340,CMB25,105.0,11,,,11.0,6,,none,,,,,,,,,,
341,CMB26,101.0,20,,,11.0,2,,"1=1, 2=1",,,,,,,,,,
342,CMB27,120.0,19,,,11.0,6,,none,,,,,,,,,,
343,CMB28,114.0,17,,,12.0,2,,none,,,,,,,,,,
344,SLG1,116.0,11,,,5.0,5,,none,13.84737399,6.769820932,126.8285,135.3315,2.045456464,0.4260730457,32.5,320.3997648,60.60606061,-3.939045384
345,SLG2,111.0,18,,,7.5,3,,1=3,14.57423257,7.490284075,126.0425,121.4515,1.945751646,0.3470055373,42.0,202.8218695,62.82335551,-3.228339318
346,SLG3,107.5,14,,,7.5,3,,1=1,,,,,,,,,,
347,SLG4,119.5,20,,,10.0,6,,2=1,15.52924987,6.479176745,112.9185,98.115,2.396793679,0.5354913748,29.0,296.8841858,59.12786401,1.086610022
348,SLG5,118.5,15,,,6.0,4,,"3=1, 1=3",,,,,,,,,,
349,SLG6,105.0,18,,,5.0,3,,1=3,,,,,,,,,,
350,SLG7,112.5,19,,,12.0,5,,2=2,14.40105207,7.45477084,35.5525,123.0785,1.931790042,0.9600701382,15.0,323.3392122,14.0428677,0.6982228954
351,SLG8,75.0,17,,,12.0,0,,1=1,,,,,,,,,,
352,SLG9,102.5,24,,,15.0,2,,1=1,11.52882206,6.485327222,60.03,84.6315,1.777677773,0.8539868189,13.5,232.2163433,14.0428677,0.6388431675
353,SLG10,105.0,19,,,15.0,0,,none,15.62461969,7.851705487,95.0035,116.3935,1.989965074,0.4807575289,32.5,235.1557907,47.3022912,-3.22271041
354,SLG11,110.0,26,,,13.0,0,,3=1,,,,,,,,,,
355,SLG12,113.5,26,,,20.0,5,,none,,,,,,,,,,
356,SLG13,104.5,21,,,15.0,3,,none,,,,,,,,,,
357,SLG14,96.0,15,,,15.0,3,,1=1,,,,,,,,,,
358,SLG15,85.5,24,,,10.0,0,,1=1,,,,,,,,,,
359,SLG16,93.5,20,,,7.0,0,,1=2,,,,,,,,,,
360,SLG17,119.0,18,,,8.0,5,,none,,,,,,,,,,
361,SLG18,91.0,20,,,10.0,3,,none,,,,,,,,,,
362,SLG19,145.0,23,,,14.0,7,,none,,,,,,,,,,
363,SLG20,130.0,25,,,12.0,6,,none,,,,,,,,,,
364,SLG21,106.5,18,,,9.0,0,,none,,,,,,,,,,
365,SLG22,71.5,16,,,13.0,0,,1=1,,,,,,,,,,
366,SLG23,83.5,26,,,15.0,3,,1=2,,,,,,,,,,
367,LFS1,103.0,21,,,16.0,5,,1=1,16.54198409,5.98130048,28.527,37.6945,2.765616632,0.8270992045,20.0,176.366843,0.7390983001,1.071175811
368,LFS2,99.0,15,,,8.0,1,,none,14.79609092,8.044712854,36.3765,64.975,1.839231703,0.6725495873,22.0,202.8218695,2.2172949,1.544556858
369,LFS3,95.0,13,,,6.0,3,,none,13.00585952,8.682430559,33.8045,71.1555,1.497951459,0.6845189223,19.0,238.0952381,8.869179601,2.663291795
370,LFS4,111.0,17,,,6.0,4,,none,16.33181658,8.953316499,32.716,95.314,1.824108037,0.5184703678,31.5,176.366843,7.390983001,2.068964775
371,LFS5,118.5,20,,,5.0,4,,none,18.36185945,7.813932421,22.298,47.9815,2.349887158,0.7813557212,23.5,196.9429747,13.3037694,2.617687016
372,LFS6,118.0,20,,,8.0,3,,none,14.32465089,7.596234213,30.9595,77.2685,1.885756874,0.5405528636,26.5,217.5191064,6.651884701,1.712230055
373,LFS7,121.0,18,,,7.0,2,,none,13.12221308,6.554919779,34.018,61.886,2.001887669,0.640107955,20.5,167.5485009,6.651884701,2.204399867
374,LFS8,139.0,18,,,10.0,3,,none,14.89244379,7.946828291,30.842,46.7725,1.87401102,0.6618863908,22.5,241.0346855,10.3473762,2.073890058
375,LFS9,98.0,17,,,5.0,2,,none,15.79479394,7.297954086,22.343,43.4675,2.164276968,0.619403684,25.5,182.2457378,7.390983001,2.387446751
376,LFS10,102.0,19,,,7.0,2,,none,15.56616065,6.259291358,33.6265,61.217,2.486888653,0.6485900272,24.0,211.6402116,16.9992609,1.66033949
377,LFS11,92.0,17,,,7.0,3,,none,,,,,,,,,,
378,LFS12,120.0,14,,,10.0,3,,1=1,,,,,,,,,,
379,LFS13,120.0,20,,,8.0,2,,none,,,,,,,,,,
380,LFS14,126.0,20,,,10.0,3,,none,,,,,,,,,,
381,LFS15,120.5,20,,,9.0,3,,none,,,,,,,,,,
382,SGC1,113.0,17,,,7.0,5,,none,,,,,,,,,,
383,SGC2,102.0,16,,,6.0,6,,none,,,,,,,,,,
384,SGC3,93.0,16,,,7.0,0,,none,,,,,,,,,,
385,SGC4,95.0,16,,,7.0,0,,none,,,,,,,,,,
386,SGC5,106.0,19,,,10.0,0,,none,,,,,,,,,,
387,SGC6,140.0,18,,,9.0,0,,2=1,,,,,,,,,,
388,SGC7,97.0,14,,,7.0,6,,none,,,,,,,,,,
389,SGC8,109.0,15,,,6.0,6,,none,,,,,,,,,,
390,SGC9,97.0,17,,,1.0,0,,"3=1, 6=1",,,,,,,,,,
391,SGC10,130.0,24,,,18.0,6,,none,,,,,,,,,,
392,SGC11,74.0,20,,,12.0,0,,none,18.37295056,7.977101189,35.779,71.7315,2.303211421,1.113512155,16.5,182.2457378,11.0864745,1.386582368
393,SGC12,108.0,18,,,13.0,0,,none,18.51832168,6.261719766,46.175,38.696,2.957385889,0.8230365189,22.5,129.3356849,8.869179601,0.3629008988
394,RGT1,128.0,,,,8.0,,,none,,,,,,,,,,
395,RGT2,101.0,17,,,11.0,2,,"3=3, 6=3",,,,,,,,,,
396,RGT3,97.0,16,,,10.0,4,,,,,,,,,,,,
397,RGT4,75.0,21,,,10.0,0,,none,,,,,,,,,,
398,RGT5,80.0,22,,,13.0,3,,3=8,,,,,,,,,,
399,RGT6,82.0,20,,,19.0,0,,3=9,,,,,,,,,,
400,RGT7,73.0,20,,,19.0,0,,none,,,,,,,,,,
401,HR1,47.0,10,"10, 10",,,3,,none,,,,,,,,,,
402,HR2,32.0,8,"7.5, 7.5",,,1,,none,13.21863722,7.167630533,133.464,127.738,1.844212973,0.3723559779,35.5,229.2768959,45.8240946,-2.974758293
403,HR3,41.0,10,"8.5, 7",,,1,,none,14.59919865,8.062768022,158.277,132.9055,1.810693128,0.3999780452,36.5,243.9741329,39.1722099,-2.722740704
404,HR4,42.0,10,"7.5, 7.5",,,1,,none,17.74299304,7.294693799,95.7875,111.765,2.432314985,0.4549485394,39.0,249.8530276,22.172949,-1.671650726
405,HR5,47.0,10,"9, 9",,,2,,none,12.86185043,5.275041548,94.4325,102.647,2.438246279,0.3429826781,37.5,243.9741329,18.4774575,-1.423468683
406,HR6,38.0,10,"9.5, 9",,,2,,none,13.98154477,6.059473991,98.4625,116.9325,2.307385887,0.3679353887,38.0,208.7007643,19.2165558,-2.695016169
407,PTW1,121.0,14,,,7.0,3,,none,,,,,,,,,,
408,PTW2,131.0,17,,,9.0,3,,none,,,,,,,,,,
409,PTW3,116.0,12,,,7.0,2,,none,,,,,,,,,,
410,PTW4,101.0,16,,,7.0,2,,none,,,,,,,,,,
411,PTW5,110.0,12,,,9.0,5,,none,,,,,,,,,,
412,PTW6,118.0,17,,,7.0,3,,none,,,,,,,,,,
413,PTW7,90.0,15,,,5.0,3,,none,,,,,,,,,,
414,PTW8,109.0,14,,,8.0,3,,none,,,,,,,,,,
415,PTW9,108.0,12,,,7.0,3,,1=1,,,,,,,,,,
416,PTW10,127.0,13,,,8.0,3,,none,,,,,,,,,,
417,GH1,57.0,10,"9.5, 9",,,3,,none,,,,,,,,,,
418,GH2,48.0,8,"8.5, 8",,,3,,none,,,,,,,,,,
419,LM1,57.0,14,,,,0,,none,,,,,,,,,,
420,LM2,60.0,12,"20.5, 20",,,0,,none,,,,,,,,,,
421,LM3,55.0,10,"9, 8.25",,,2,,none,,,,,,,,,,
422,LM4,47.0,8,"9.5, 9",,,2,,1=1,,,,,,,,,,
423,LM5,40.0,10,"9.5, 9",,,2,,none,,,,,,,,,,
424,LM6,58.0,10,"17, 16",,,0,,none,,,,,,,,,,
425,LM7,50.0,10,"13, 12",,,0,,none,,,,,,,,,,
426,LM8,59.0,8,"16, 16",,,0,,none,,,,,,,,,,
427,LM9,127.0,26,,,14.0,5,,none,,,,,,,,,,
428,LM10,127.0,22,,,13.0,4,,1=6,,,,,,,,,,
429,LM11,135.0,26,,,16.0,4,,2=1,,,,,,,,,,
430,LM12,124.0,32,,,15.0,5,,1=2,,,,,,,,,,
431,LM13,132.0,25,,,16.0,5,,2=3,,,,,,,,,,
432,LM14,102.0,25,,,10.0,2,,1=2,,,,,,,,,,
433,LM15,99.0,23,,,9.0,2,,1=1,,,,,,,,,,
434,LM16,91.0,22,,,14.0,4,,1=2,,,,,,,,,,
435,LM17,142.0,24,,,18.0,5,,1=2,,,,,,,,,,
436,LM18,114.0,23,,,12.0,3,,1=2,,,,,,,,,,
437,LM19,129.0,28,,,11.0,1,,1=6,,,,,,,,,,
438,LM20,142.0,25,,,19.0,3,,none,,,,,,,,,,
439,LM21,149.0,32,,,21.0,10,,1=3,,,,,,,,,,
440,LM22,133.0,31,,,17.0,2,,1=2,,,,,,,,,,
441,LM23,144.0,30,,,14.0,4,,1=3,,,,,,,,,,
442,LM24,107.0,23,,,12.0,3,,2=3,,,,,,,,,,
443,LM25,125.0,27,,,9.0,0,,2=1,,,,,,,,,,
444,LM26,143.0,26,,,13.0,1,,1=6,,,,,,,,,,
445,LM27,130.0,23,,,12.0,0,,2=5,,,,,,,,,,
446,LM28,126.0,22,,,13.0,0,,1=3,,,,,,,,,,
447,MKP1,101.0,24,,,10.0,3,,none,,,,,,,,,,
448,MKP2,124.0,28,,,7.0,6,,none,,,,,,,,,,
449,MKP3,110.0,24,,,10.0,2,,none,,,,,,,,,,
450,MKP4,115.0,22,,,10.0,3,,2=1,,,,,,,,,,
451,MKP5,135.0,26,,,10.0,2,,2=2,,,,,,,,,,
452,MKP6,124.0,28,,,19.0,5,,none,,,,,,,,,,
453,MKP7,133.0,29,,,19.0,6,,2=1,,,,,,,,,,
454,MKP8,95.0,23,,,7.0,1,,2=1,,,,,,,,,,
455,RF1,83.0,17,,,9.0,4,,1=2,,,,,,,,,,
456,RF2,104.0,19,,,11.0,6,,1=3,,,,,,,,,,
457,RF3,88.0,23,,,10.0,1,,2=1,,,,,,,,,,
458,RF4,116.0,22,,,12.0,6,,none,,,,,,,,,,
459,RF5,103.0,19,,,12.0,6,,1=1,,,,,,,,,,
460,RF6,123.0,18,,,12.0,1,,none,,,,,,,,,,
461,RF7,119.0,20,,,13.0,7,,none,,,,,,,,,,
462,RF8,94.0,19,,,10.0,3,,none,,,,,,,,,,
463,RF9,100.0,[nothing listed],,,11.0,5,,none,,,,,,,,,,
464,RF10,112.0,26,,,14.0,5,,none,,,,,,,,,,
465,RF11,103.0,22,,,12.0,1,,none,,,,,,,,,,
466,RF12,103.0,19,,,9.0,4,,none,,,,,,,,,,
467,RF13,92.0,[nothing listed],,,7.0,4,,1=1,,,,,,,,,,
468,TCP1,,,,,,,,,,,,,,,,,,
469,TCP2,,,,,,,,,,,,,,,,,,
470,TCP3,,,,,,,,,,,,,,,,,,
471,TCP4,,,,,,,,,,,,,,,,,,
472,TCP5,,,,,,,,,,,,,,,,,,
473,TCP6,,,,,,,,,,,,,,,,,,
474,TCP7,,,,,,,,,,,,,,,,,,
475,TCP8,,,,,,,,,,,,,,,,,,
476,TCP9,,,,,,,,,,,,,,,,,,
477,TCP10,,,,,,,,,,,,,,,,,,
478,PNR1,104.0,17,,,9.0,0,,1=2,,,,,,,,,,
479,PNR2,114.0,17,,,12.0,1,,1=1,,,,,,,,,,
480,PNR3,96.0,19,,,10.0,0,,none,,,,,,,,,,
481,PNR4,101.0,20,,,9.0,0,,none,,,,,,,,,,
482,PNR5,123.0,20,,,11.0,1,,1=1,,,,,,,,,,
483,PNR6,135.0,20,,,13.0,2,,none,,,,,,,,,,
484,PNR7,148.0,19,,,14.0,3,,none,,,,,,,,,,
485,PNR8,132.0,22,,,11.0,1,,none,,,,,,,,,,
486,PNR9,149.0,19,,,15.0,3,,none,,,,,,,,,,
487,PNR10,,,,,,,,,,,,,,,,,,
488,PNR11,145.0,19,,,12.0,2,,none,,,,,,,,,,
489,PNR12,,,,,,,,,,,,,,,,,,
490,PNR13,144.0,22,,,8.0,5,,none,,,,,,,,,,
491,PNR14,150.0,14,,,9.0,6,,none,,,,,,,,,,
492,PNR15,146.0,13,,,9.0,5,,none,,,,,,,,,,
493,PNR16,172.0,24,,,11.0,4,,none,,,,,,,,,,
