,V1,V2,Name,Name_1,Species,Taxa,species,PC1,PC2,PC3,PC4,PC5,Unnamed: 7
0,0.753243943,0.246756057,RRL1,RRL1-exaltata,exaltata,RRL1,exaltata,0.19476886,0.048276406,-0.023879902,-0.017137507,-0.039841764,
1,0.581365683,0.418634317,RRL9,RRL9-exaltata,exaltata,RRL9,exaltata,0.09771936,0.094733246,-0.006560023,0.012822087,-0.022248093,
2,0.591513172,0.408486828,RRL17,RRL17-exaltata,exaltata,RRL17,exaltata,0.099527225,0.09199582,0.004098483,-0.021346599,0.007190188,
3,0.04806566,0.95193434,FRW3,FRW3-syriaca,syriaca,FRW3,syriaca,-0.13946539,-0.064021535,-0.009963222,-0.047536157,0.024756748,
4,0.003946191,0.996053809,FRW12,FRW12-syriaca,syriaca,FRW12,syriaca,-0.15513538,0.05545539,0.009907202,-0.04333402,-0.009336631,
5,0.016870491,0.983129509,MMP7,MMP7-syriaca,syriaca,MMP7,syriaca,-0.14547096,0.040481266,-0.012633025,0.08940963,-0.026201207,
6,0.014152273,0.985847727,MMP15,MMP15-syriaca,syriaca,MMP15,syriaca,-0.14178735,0.05248844,-0.001292027,0.011315407,0.00531649,
7,0.000952179,0.999047821,PNR3,PNR3-syriaca,syriaca,PNR3,syriaca,-0.15617183,0.034307808,0.008759816,-0.012745836,-0.0212565,
8,0.010869404,0.989130596,CMB13,CMB13-syriaca,syriaca,CMB13,syriaca,-0.15489268,0.10821225,-0.006325664,0.027256494,0.015136438,
9,5.63e-06,0.999994372,CMB21,CMB21-syriaca,syriaca,CMB21,syriaca,-0.15260035,0.048849713,-0.030659795,0.030490328,0.028277326,
10,0.526442852,0.473557148,SLG1,SLG1-exaltata,exaltata,SLG1,exaltata,0.07330604,0.12488815,-0.018602598,-0.01747493,-0.015559977,
11,0.130112307,0.869887693,SLG13,SLG13-syriaca,syriaca,SLG13,syriaca,-0.115932696,-0.03501165,-0.033363014,0.09201267,-0.017057965,
12,0.708412188,0.291587812,RRL2,RRL2-exaltata,exaltata,RRL2,exaltata,0.15492405,0.07127726,0.000923,-0.025829716,0.005591766,
13,0.592773065,0.407226935,RRL10,RRL10-exaltata,exaltata,RRL10,exaltata,0.113937445,0.08656046,-0.018321296,0.007765447,-0.027254667,
14,0.756434368,0.243565632,RRL18,RRL18-exaltata,exaltata,RRL18,exaltata,0.19181943,0.06233021,-0.007967645,0.033918124,0.011057355,
15,0.343453135,0.656546865,FRW4,FRW4-syriaca,syriaca,FRW4,syriaca,-0.024369499,0.04692084,0.017316611,-0.06399772,0.016132452,
16,0.06199869,0.93800131,FRW13,FRW13-syriaca,syriaca,FRW13,syriaca,-0.1372694,-0.11946941,-0.032234807,-0.0465973,0.029122096,
17,8.58e-08,0.999999914,MMP8,MMP8-syriaca,syriaca,MMP8,syriaca,-0.13802943,0.06567472,-0.014048361,0.05549799,-0.034023013,
18,0.000119851,0.999880149,MMP16,MMP16-syriaca,syriaca,MMP16,syriaca,-0.15363626,0.035954002,0.003064853,0.000921,0.012418235,
19,0.611305507,0.388694493,CMB6,CMB6-syriaca,syriaca,CMB6,syriaca,0.11661796,0.0891488,-0.011358734,-0.005142925,-0.015048585,
20,7.95e-06,0.99999205,CMB14,CMB14-syriaca,syriaca,CMB14,syriaca,-0.15588981,0.12228034,0.01648242,0.009375772,0.01676111,
21,0.00102335,0.99897665,CMB22,CMB22-syriaca,syriaca,CMB22,syriaca,-0.16008991,0.09054671,-0.007357171,0.024092108,0.010499325,
22,0.68195383,0.31804617,SLG2,SLG2-exaltata,exaltata,SLG2,exaltata,0.14779317,0.059164744,-0.024548963,-0.011129295,-0.034775235,
23,0.000187968,0.999812032,SLG14,SLG14-syriaca,syriaca,SLG14,syriaca,-0.1523847,0.000196,-0.014774608,-0.004950215,0.034156594,
24,0.778046182,0.221953818,RRL3,RRL3-exaltata,exaltata,RRL3,exaltata,0.18774958,0.035009198,-0.016006002,-0.01252884,-0.011169495,
25,0.584172845,0.415827155,RRL11,RRL11-exaltata,exaltata,RRL11,exaltata,0.10689447,0.08874242,0.007518572,-0.007987799,0.002289367,
26,0.67808708,0.32191292,RRL19,RRL19-exaltata,exaltata,RRL19,exaltata,0.13543402,0.06626358,0.001924889,-0.02772644,-0.02744266,
27,0.037986675,0.962013325,FRW,FRW-5,5,,,,,,,,
28,1.25e-05,0.999987456,MMP1,MMP1-syriaca,syriaca,MMP1,syriaca,-0.15812914,0.12986201,0.027166383,0.009137278,5.71e-05,
29,0.095047513,0.904952487,MMP9,MMP9-syriaca,syriaca,MMP9,syriaca,-0.13185757,-0.002844415,-0.01855865,0.09842658,-0.0073948,
30,0.00387861,0.99612139,MMP17,MMP17-syriaca,syriaca,MMP17,syriaca,-0.15201826,0.00150741,-0.001208941,0.04145332,-0.025159882,
31,0.001452347,0.998547653,CMB15,CMB15-syriaca,syriaca,CMB15,syriaca,-0.15964453,0.09443791,0.000697,0.030247176,0.01359877,
32,0.017364404,0.982635596,CMB23,CMB23-syriaca,syriaca,CMB23,syriaca,-0.14976375,0.08615787,0.002160819,0.049274176,0.004102839,
33,0.55184294,0.44815706,SLG3,SLG3-exaltata,exaltata,SLG3,exaltata,0.07380083,0.12801777,2.16e-05,-0.004363012,0.007745206,
34,0.000478191,0.999521809,SLG16,SLG16-syriaca,syriaca,SLG16,syriaca,-0.1455948,0.049154915,0.007177047,0.017174711,-0.03511055,
35,0.720366632,0.279633368,RRL4,RRL4-exaltata,exaltata,RRL4,exaltata,0.16716675,0.046052895,-0.03275362,-0.01619174,-0.028987776,
36,0.621389434,0.378610566,RRL12,RRL12-exaltata,exaltata,RRL12,exaltata,0.11151429,0.09284633,-0.022550507,-0.010786428,0.02173912,
37,0.887528169,0.112471831,RRL20,RRL20-exaltata,exaltata,RRL20,exaltata,0.24481441,-0.029296784,-0.05097307,0.022966,-0.003321986,
38,0.036645926,0.963354074,FRW6,FRW6-syriaca,syriaca,FRW6,syriaca,-0.14287516,0.017579366,-0.017795293,-0.042355277,0.0013509,
39,0.071215825,0.928784175,MMP2,MMP2-syriaca,syriaca,MMP2,syriaca,-0.12417936,-0.015794229,-0.04933872,0.10663601,-0.011737339,
40,0.007940276,0.992059724,MMP10,MMP10-syriaca,syriaca,MMP10,syriaca,-0.1445768,0.04187835,-0.019908447,0.08724277,-0.028641338,
41,0.033889231,0.966110769,MMP18,MMP18-syriaca,syriaca,MMP18,syriaca,-0.14317183,-0.038980447,-0.022789845,0.059778072,0.000602,
42,3.39e-08,0.999999966,CMB8,CMB8-syriaca,syriaca,CMB8,syriaca,-0.15503271,0.037725743,-0.01931601,0.05303768,0.030728143,
43,0.000756517,0.999243483,CMB16,CMB16-syriaca,syriaca,CMB16,syriaca,-0.15571678,0.10368895,0.007176627,0.03675893,0.009531777,
44,7.56e-14,1.0,CMB24,CMB24-syriaca,syriaca,CMB24,syriaca,-0.15495738,0.075662374,-0.004508699,0.039805334,0.012562014,
45,0.58747301,0.41252699,SLG4,SLG4-exaltata,exaltata,SLG4,exaltata,0.11107878,0.09837058,-0.010987682,-0.010208701,0.012288958,
46,0.039166073,0.960833927,SLG18,SLG18-syriaca,syriaca,SLG18,syriaca,-0.13163866,0.0641474,0.023457406,0.045087833,-0.019971902,
47,0.572487362,0.427512638,RRL5,RRL5-exaltata,exaltata,RRL5,exaltata,0.099801056,0.089800246,0.000613,-0.004978875,0.017524144,
48,0.85686537,0.14313463,RRL13,RRL13-exaltata,exaltata,RRL13,exaltata,0.22435994,0.00349323,-0.048505127,0.012705104,-6.64e-05,
49,0.788401649,0.211598351,RRL21,RRL21-exaltata,exaltata,RRL21,exaltata,0.18486333,0.038645357,-0.017773215,-0.006881719,-0.02167732,
50,0.307026774,0.692973226,FRW8,FRW8-syriaca,syriaca,FRW8,syriaca,-0.030449254,0.061606746,0.033927687,-0.043926768,0.028653517,
51,0.078399348,0.921600652,MMP3,MMP3-syriaca,syriaca,MMP3,syriaca,-0.12796435,-0.003279877,-0.026042145,0.07243126,-0.015351015,
52,0.0906216,0.9093784,MMP11,MMP11-syriaca,syriaca,MMP11,syriaca,-0.12527741,0.026658397,-0.01715776,0.03462207,-0.0017897,
53,0.049977275,0.950022725,MMP19,MMP19-syriaca,syriaca,MMP19,syriaca,-0.14824419,-0.04528984,-0.009745454,0.017110271,-0.001419017,
54,1.93e-06,0.999998074,CMB9,CMB9-syriaca,syriaca,CMB9,syriaca,-0.14337261,0.04853314,-0.034413423,0.051594134,0.030147282,
55,1.55e-16,1.0,CMB17,CMB17-syriaca,syriaca,CMB17,syriaca,-0.15460451,0.093484275,-0.010877034,0.015420239,0.037434727,
56,0.030505643,0.969494357,CMB25,CMB25-syriaca,syriaca,CMB25,syriaca,-0.14028692,0.06712972,0.003471289,0.051795714,0.030155314,
57,0.692085273,0.307914727,SLG5,SLG5-exaltata,exaltata,SLG5,exaltata,0.13135345,0.08150223,0.007732876,0.00689031,0.019974845,
58,0.000162188,0.999837812,SLG15,SLG15-syriaca,syriaca,SLG15,syriaca,-0.1487375,0.030116305,-0.008810903,-0.042565916,0.002475466,
59,0.653961475,0.346038525,RRL6,RRL6-exaltata,exaltata,RRL6,exaltata,0.1286102,0.076955006,0.020429322,-0.053479098,0.015590372,
60,0.791174713,0.208825287,RRL22,RRL22-exaltata,exaltata,RRL22,exaltata,0.19200355,0.02269861,-0.027640121,-0.021896966,0.010762544,
61,0.050382793,0.949617207,FRW9,FRW9-syriaca,syriaca,FRW9,syriaca,-0.13071892,-0.0482077,0.020033317,-0.056307882,-0.00951446,
62,6.25e-05,0.999937501,MMP4,MMP4-syriaca,syriaca,MMP4,syriaca,-0.1499364,0.01495103,-0.04016587,0.07605076,-0.011182042,
63,0.011954583,0.988045417,MMP12,MMP12-syriaca,syriaca,MMP12,syriaca,-0.14666118,0.104787,0.029031765,-0.000857,-0.019812906,
64,1.72e-06,0.999998278,MMP20,MMP20-syriaca,syriaca,MMP20,syriaca,-0.14998247,0.07842438,0.040867843,-0.036443803,-0.003423307,
65,0.000222879,0.999777121,CMB10,CMB10-syriaca,syriaca,CMB10,syriaca,-0.15026888,0.041661996,-0.01522678,0.06184924,0.043956388,
66,4.41e-09,0.999999996,CMB18,CMB18-syriaca,syriaca,CMB18,syriaca,-0.14834158,0.08543351,0.008185689,0.022763671,-0.005446793,
67,0.001649183,0.998350817,CMB26,CMB26-syriaca,syriaca,CMB26,syriaca,-0.15305771,0.09113132,-0.011045889,0.034102075,0.012588766,
68,0.51705625,0.48294375,SLG6,SLG6-exaltata,exaltata,SLG6,exaltata,0.075027965,0.11497988,0.009830424,-0.03001013,-0.020084528,
69,1.67e-13,1.0,SLG20,SLG20-syriaca,syriaca,SLG20,syriaca,-0.15051605,0.099330224,0.018743245,0.014137201,-0.00397468,
70,0.775481516,0.224518484,RRL7,RRL7-exaltata,exaltata,RRL7,exaltata,0.18453191,0.03136763,-0.018564975,0.016763268,-0.017642364,
71,0.214752199,0.785247801,FRW1,FRW1-syriaca,syriaca,FRW1,syriaca,-0.05060773,0.109213494,0.031232597,-0.063125014,0.010424474,
72,4.96e-06,0.99999504,FRW10,FRW10-syriaca,syriaca,FRW10,syriaca,-0.15024582,-0.003146688,0.013740771,-0.053870805,0.01422722,
73,0.079517924,0.920482076,MMP5,MMP5-syriaca,syriaca,MMP5,syriaca,-0.1299282,0.025127431,-0.021422682,0.072516136,-0.02272686,
74,0.038666205,0.961333795,MMP13,MMP13-syriaca,syriaca,MMP13,syriaca,-0.13782565,0.025051307,0.011632821,-0.011191883,0.026637172,
75,7.21e-08,0.999999928,PNR1,PNR1-syriaca,syriaca,PNR1,syriaca,-0.15115465,0.037809648,-0.000318,-0.016429191,-0.011034707,
76,1.74e-08,0.999999983,CMB11,CMB11-syriaca,syriaca,CMB11,syriaca,-0.14594585,0.06738358,-0.011765839,0.050858676,0.034067996,
77,6.48e-05,0.999935194,CMB19,CMB19-syriaca,syriaca,CMB19,syriaca,-0.15302579,0.06539814,-0.002525497,0.037721425,0.030975468,
78,1.33e-10,1.0,CMB27,CMB27-syriaca,syriaca,CMB27,syriaca,-0.1576714,0.034235477,0.008253193,0.055057596,0.03212818,
79,0.000496485,0.999503515,SLG8,SLG8-syriaca,syriaca,SLG8,syriaca,-0.14859495,-0.003271367,-0.008316635,-0.002811593,0.016608605,
80,4.85e-07,0.999999515,SLG23,SLG23-syriaca,syriaca,SLG23,syriaca,-0.14970806,0.07580838,-0.004923468,0.043004792,-0.006737571,
81,0.623128833,0.376871167,RRL16,RRL16-exaltata,exaltata,RRL16,exaltata,0.10260651,0.08454814,0.005238342,-0.04579149,0.001691488,
82,0.004733621,0.995266379,FRW2,FRW2-syriaca,syriaca,FRW2,syriaca,-0.15063846,0.046492666,0.002480024,-0.05429167,-0.014998959,
83,0.00013309,0.99986691,FRW11,FRW11-syriaca,syriaca,FRW11,syriaca,-0.1579392,0.043121707,0.013293674,-0.054458883,0.011560479,
84,6.99e-06,0.999993011,MMP6,MMP6-syriaca,syriaca,MMP6,syriaca,-0.1731285,0.044026997,-0.012078056,0.00563753,-0.018861938,
85,3.83e-06,0.999996167,MMP14,MMP14-syriaca,syriaca,MMP14,syriaca,-0.15130396,0.06555398,0.008235991,0.01898534,-0.002064494,
86,9.22e-12,1.0,PNR2,PNR2-hybrid,hybrid,PNR2,hybrid,-0.16445285,0.07848246,0.019091861,-0.018959748,-0.015882438,
87,0.344307922,0.655692078,RF13,RF13-exaltata,exaltata,RF13,exaltata,0.001536221,0.16885471,-0.009236567,-0.015274061,-0.02560931,
88,0.005588913,0.994411087,CMB20,CMB20-syriaca,syriaca,CMB20,syriaca,-0.14990556,0.0565575,-0.01603368,0.048744097,0.021707367,
89,0.000153566,0.999846434,CMB28,CMB28-syriaca,syriaca,CMB28,syriaca,-0.14759964,0.06258631,-0.026102945,0.04185907,0.018085547,
90,5.06e-06,0.999994941,SLG10,SLG10-syriaca,syriaca,SLG10,syriaca,-0.14696942,0.13452645,0.020129044,-0.033381626,0.00568278,
91,0.668283633,0.331716367,LFS1,LFS1-exaltata,exaltata,LFS1,exaltata,0.14893982,0.09393406,-0.005926215,0.000167,0.022491459,
92,0.801113134,0.198886866,LFS2,LFS2-exaltata,exaltata,LFS2,exaltata,0.20754763,0.041964617,-0.029116265,-0.022188267,-0.01943102,
93,0.849467133,0.150532867,LFS11,LFS11-exaltata,exaltata,LFS11,exaltata,0.23806697,-0.011749635,-0.036106534,0.002113408,0.005927893,
94,3.52e-05,0.999964791,SGC12,SGC12-,,,,,,,,,
95,0.738083374,0.261916626,HR1,HR1-quadrifolia,quadrifolia,HR1,quadrifolia,0.16198444,0.008937688,0.012163058,-0.026320282,0.112699404,
96,0.75375204,0.24624796,PTW3,PTW3-exaltata,exaltata,PTW3,exaltata,0.18071818,0.047848243,-0.027452221,-0.018857608,-0.003543879,
97,0.816879109,0.183120891,GH1,GH1-,,,,,,,,,
98,0.000614008,0.999385992,LM7,LM7-quadrifolia,quadrifolia,LM7,quadrifolia,-0.16255394,0.026945088,0.005793692,-0.00162205,-0.010924076,
99,0.023169081,0.976830919,LM15,LM15-syriaca,syriaca,LM15,syriaca,-0.1456204,0.011852978,-0.022589222,0.060479973,0.00362982,
100,0.017437742,0.982562258,LM23,LM23-syriaca,syriaca,LM23,syriaca,-0.14562447,0.011604244,0.00401791,0.000627,0.037859425,
101,0.013291859,0.986708141,MKP5,MKP5-syriaca,syriaca,MKP5,syriaca,-0.13889363,0.008105108,0.023663571,-0.02436999,0.01749765,
102,0.104022933,0.895977067,RF5,RF5-syriaca,syriaca,RF5,syriaca,-0.124611475,-0.096212015,-0.02139789,0.006478562,-0.002464153,
103,0.778834365,0.221165635,LFS3,LFS3-exaltata,exaltata,LFS3,exaltata,0.1909399,-0.019070385,-0.024701202,-0.048950788,-0.05607062,
104,0.745352851,0.254647149,LFS12,LFS12-exaltata,exaltata,LFS12,exaltata,0.16673444,0.06515192,-0.015066069,-0.03801759,0.04161193,
105,3.9e-11,1.0,SGC5,SGC5-,,,,,,,,,
106,7.29e-05,0.999927077,RGT1,RGT1-syriaca,syriaca,RGT1,syriaca,-0.15168317,0.033857502,0.011453482,-0.04868778,-0.019132653,
107,0.931272096,0.068727904,HR2,HR2-quadrifolia,quadrifolia,HR2,quadrifolia,0.25719288,-0.12759417,0.000147,-0.0003,0.1515107,
108,0.809388787,0.190611213,PTW4,PTW4-exaltata,exaltata,PTW4,exaltata,0.19568281,0.048862513,-0.008012439,-0.024012506,0.031458203,
109,0.004824874,0.995175126,LM8,LM8-quadrifolia,quadrifolia,LM8,quadrifolia,-0.1480471,-0.00400479,-0.012604088,0.004427984,0.011341558,
110,0.068588136,0.931411864,LM16,LM16-syriaca,syriaca,LM16,syriaca,-0.13836296,-0.009065274,-0.036967956,0.03991587,0.025614455,
111,0.054029707,0.945970293,LM25,LM25-syriaca,syriaca,LM25,syriaca,-0.13736762,-0.015967635,0.010379391,0.034792203,0.03588726,
112,0.035200284,0.964799716,MKP6,MKP6-syriaca,syriaca,MKP6,syriaca,-0.13843215,-0.0021776,0.012263763,-0.019851288,0.023509206,
113,0.999998537,1.46e-06,LFS4,LFS4-exaltata,exaltata,LFS4,exaltata,0.31233385,-0.045830548,-0.018572476,0.017252767,0.011663171,
114,0.889442528,0.110557472,LFS13,LFS13-exaltata,exaltata,LFS13,exaltata,0.23658775,-0.001880563,-0.033371627,-0.01921562,0.024184303,
115,0.000717107,0.999282893,RGT2,RGT2-syriaca,syriaca,RGT2,syriaca,-0.14450678,0.07140057,0.001306511,-0.044223584,0.016544733,
116,0.556127463,0.443872537,HR3,HR3-quadrifolia,quadrifolia,HR3,quadrifolia,0.08099741,0.05230351,0.03623921,-0.028569177,0.11539169,
117,0.75492487,0.24507513,PTW5,PTW5-exaltata,exaltata,PTW5,exaltata,0.18941139,0.02003968,-0.026029779,0.003272759,-0.02584784,
118,0.003948025,0.996051975,LM1,LM1-quadrifolia,quadrifolia,LM1,quadrifolia,-0.15242015,-0.009695889,-0.003288573,0.003387529,0.028237233,
119,0.052886087,0.947113913,LM9,LM9-syriaca,syriaca,LM9,syriaca,-0.14238282,-0.017038869,-0.027967053,0.0767193,0.048977003,
120,0.029370801,0.970629199,LM17,LM17-syriaca,syriaca,LM17,syriaca,-0.14447051,0.026225943,-0.03602906,0.054391693,0.04143836,
121,0.001928329,0.998071671,SLG21,SLG21-syriaca,syriaca,SLG21,syriaca,-0.1463313,0.000605,-0.001109625,-0.005275035,0.018053228,
122,2.07e-05,0.99997927,MKP7,MKP7-syriaca,syriaca,MKP7,syriaca,-0.15203074,0.052147165,0.016380873,-0.035952263,0.023267692,
123,0.939530535,0.060469465,LFS5,LFS5-exaltata,exaltata,LFS5,exaltata,0.2647414,-0.046811126,-0.01501116,-0.025663568,0.02080563,
124,0.584650002,0.415349998,LFS14,LFS14-exaltata,exaltata,LFS14,exaltata,0.08968435,0.08626045,-0.02500519,-0.035358656,0.012624532,
125,4.05e-13,1.0,RGT3,RGT3-syriaca,syriaca,RGT3,syriaca,-0.15584128,0.07518308,0.003723146,-0.02951843,-0.011775681,
126,0.985029884,0.014970116,HR4,HR4-quadrifolia,quadrifolia,HR4,quadrifolia,0.29728264,-0.15390638,0.004265179,0.007508005,0.14744575,
127,0.889679778,0.110320222,PTW6,PTW6-exaltata,exaltata,PTW6,exaltata,0.23300663,-0.012623372,-0.028743105,0.011245349,-0.004305593,
128,0.119788247,0.880211753,SLG17,SLG17-syriaca,syriaca,SLG17,syriaca,-0.13248827,-0.09354293,-0.024119437,0.098862045,0.015781797,
129,1.1e-05,0.99998903,LM10,LM10-syriaca,syriaca,LM10,syriaca,-0.15124053,0.058192227,-0.005669976,0.031059628,0.01991905,
130,0.078839017,0.921160983,LM18,LM18-syriaca,syriaca,LM18,syriaca,-0.13517128,-0.072032504,-0.04245437,0.05020922,0.04545799,
131,0.022240909,0.977759091,LM28,LM28-syriaca,syriaca,LM28,syriaca,-0.15968429,-0.011477605,-0.008866748,-0.005382933,-0.032888845,
132,0.001406958,0.998593042,MKP8,MKP8-syriaca,syriaca,MKP8,syriaca,-0.141526,-0.008287003,-0.005920812,-0.010369375,0.014277454,
133,1.27e-05,0.999987321,RF8,RF8-syriaca,syriaca,RF8,syriaca,-0.14614856,0.022480957,-0.003261458,-0.025468005,0.00607383,
134,0.749654248,0.250345752,LFS6,LFS6-exaltata,exaltata,LFS6,exaltata,0.19801289,0.024757607,-0.00892086,0.000781,0.01066535,
135,0.750223701,0.249776299,LFS15,LFS15-exaltata,exaltata,LFS15,exaltata,0.16714054,0.047781292,-0.0247278,-0.021874605,-0.034045044,
136,5.87e-08,0.999999941,RGT4,RGT4-syriaca,syriaca,RGT4,syriaca,-0.15540215,0.12540714,0.02480554,-0.04463607,-0.01361748,
137,0.871563798,0.128436202,HR5,HR5-quadrifolia,quadrifolia,HR5,quadrifolia,0.22797821,-0.0738076,0.011613997,-0.013360748,0.15522833,
138,0.858935193,0.141064807,PTW7,PTW7-exaltata,exaltata,PTW7,exaltata,0.23331234,-0.025517404,-0.045188393,-0.021589246,-0.045538723,
139,0.900746891,0.099253109,LM3,LM3-quadrifolia,quadrifolia,LM3,quadrifolia,0.2342754,-0.10005462,-0.003106752,-0.01407674,0.14931569,
140,2.79e-06,0.999997212,LM11,LM11-syriaca,syriaca,LM11,syriaca,-0.15644804,0.03973245,-0.001802433,0.05426307,0.033506904,
141,0.03928805,0.96071195,MKP1,MKP1-syriaca,syriaca,MKP1,syriaca,-0.14044514,-0.02565258,0.003046721,-0.002687147,0.011338972,
142,0.099873754,0.900126246,RF1,RF1-syriaca,syriaca,RF1,syriaca,-0.13320608,-0.08687521,-0.014813569,-0.008473865,-0.022269186,
143,0.010697208,0.989302792,RF9,RF9-syriaca,syriaca,RF9,syriaca,-0.15105805,0.002563866,0.013095847,-0.037288498,-0.0138433,
144,0.729682582,0.270317418,LFS7,LFS7-exaltata,exaltata,LFS7,exaltata,0.17719644,0.05958963,-0.010165001,0.002330665,-0.008198241,
145,0.934082753,0.065917247,SGC1,SGC1-,,,,,,,,,
146,8.98e-07,0.999999102,SGC9,SGC9-,,,,,,,,,
147,0.000491581,0.999508419,RGT5,RGT5-syriaca,syriaca,RGT5,syriaca,-0.15488304,0.13445702,0.042844284,-0.04662212,0.011376651,
148,0.740682725,0.259317275,HR6,HR6-quadrifolia,quadrifolia,HR6,quadrifolia,0.17038587,0.001165478,0.016023548,-0.026297715,0.13365489,
149,0.622845958,0.377154042,PTW8,PTW8-exaltata,exaltata,PTW8,exaltata,0.1286828,0.037533168,0.02752873,-0.02621381,0.11247898,
150,0.006060674,0.993939326,LM12,LM12-syriaca,syriaca,LM12,syriaca,-0.14721128,-0.002324198,-0.01882453,0.05884237,0.016840542,
151,3.15e-07,0.999999685,LM20,LM20-syriaca,syriaca,LM20,syriaca,-0.14461689,0.055093754,0.02695653,0.006439617,0.024980776,
152,0.022972569,0.977027431,MKP2,MKP2-syriaca,syriaca,MKP2,syriaca,-0.14775181,-4.52e-05,0.001904717,-0.025417019,0.02902095,
153,0.073558211,0.926441789,RF2,RF2-syriaca,syriaca,RF2,syriaca,-0.13806543,-0.001010613,0.003304543,-0.017658273,-0.021717524,
154,0.040955178,0.959044822,RF10,RF10-syriaca,syriaca,RF10,syriaca,-0.13720673,0.029903393,0.022271907,-0.04876577,-0.010880322,
155,0.757396793,0.242603207,LFS8,LFS8-exaltata,exaltata,LFS8,exaltata,0.18760914,0.018774865,-0.0498852,-0.0299861,0.019067645,
156,0.736406615,0.263593385,SGC2,SGC2-,,,,,,,,,
157,0.000853463,0.999146537,SGC10,SGC10-,,,,,,,,,
158,2.87e-05,0.999971273,RGT6,RGT6-syriaca,syriaca,RGT6,syriaca,-0.15684064,0.05008417,-0.008351219,-0.00561308,0.016766625,
159,0.91275769,0.08724231,PTW1,PTW1-exaltata,exaltata,PTW1,exaltata,0.2555181,-0.016012326,-0.029967714,-0.002274369,-0.010248253,
160,0.686040116,0.313959884,PTW9,PTW9-exaltata,exaltata,PTW9,exaltata,0.13831177,0.001287779,0.00131856,-0.025895609,0.11134447,
161,0.006113067,0.993886933,LM13,LM13-syriaca,syriaca,LM13,syriaca,-0.15562636,0.023697168,-0.018368958,0.053919375,0.04733111,
162,0.000919164,0.999080836,LM21,LM21-syriaca,syriaca,LM21,syriaca,-0.16491607,0.112124786,0.027006945,-0.015419437,0.016364114,
163,0.0583956,0.9416044,MKP3,MKP3-syriaca,syriaca,MKP3,syriaca,-0.13771477,-0.029469365,0.015887395,0.002276755,0.042584646,
164,0.015852257,0.984147743,RF3,RF3-syriaca,syriaca,RF3,syriaca,-0.13893817,-0.028526489,0.006190492,-0.030669004,-0.01667366,
165,0.006685551,0.993314449,RF11,RF11-syriaca,syriaca,RF11,syriaca,-0.14768954,0.014420991,0.010717831,-0.031881016,-0.005271089,
166,0.465791189,0.534208811,LFS9,LFS9-exaltata,exaltata,LFS9,exaltata,0.05297256,0.14661801,0.003782139,-0.01699149,0.001724143,
167,0.667995001,0.332004999,SGC3,SGC3-,,,,,,,,,
168,2.43e-09,0.999999998,SGC11,SGC11-,,,,,,,,,
169,6.5e-07,0.99999935,RGT7,RGT7-syriaca,syriaca,RGT7,syriaca,-0.15302967,0.06914793,0.015915968,0.00083,-0.008221841,
170,0.900575798,0.099424202,PTW2,PTW2-exaltata,exaltata,PTW2,exaltata,0.2551193,-0.039583184,-0.014060517,-0.017520392,-0.018805088,
171,0.211879229,0.788120771,PTW10,PTW10-exaltata,exaltata,PTW10,exaltata,-0.06581477,0.06480811,-0.019444795,-0.016633324,-0.014888222,
172,3.79e-06,0.999996209,LM14,LM14-syriaca,syriaca,LM14,syriaca,-0.14492443,0.056391615,-0.007988784,0.038071696,0.01377531,
173,0.00386255,0.99613745,LM22,LM22-syriaca,syriaca,LM22,syriaca,-0.15881658,0.06644624,0.016647764,-0.005051349,0.025458593,
174,2.38e-06,0.999997617,MKP4,MKP4-syriaca,syriaca,MKP4,syriaca,-0.15207084,0.014235663,0.012283466,-0.018206552,0.018659767,
175,0.067115809,0.932884191,RF4,RF4-syriaca,syriaca,RF4,syriaca,-0.13496968,-0.003746383,-0.002667669,-0.003660792,-0.008746539,
176,0.066615797,0.933384203,RF12,RF12-syriaca,syriaca,RF12,syriaca,-0.13687366,0.008389514,0.022290774,-0.002656518,-0.010559208,
177,0.246073424,0.753926576,NC_exaltata1,NC_exaltata1,,,,,,,,,
178,0.283646456,0.716353544,NC_exaltata3,NC_exaltata3,,,,,,,,,
179,0.740624816,0.259375184,NC_exaltata5,NC_exaltata5,,,,,,,,,
180,0.852129159,0.147870841,NC_exaltata7,NC_exaltata7,,,,,,,,,
181,0.661691575,0.338308425,NC_exaltata9,NC_exaltata9,,,,,,,,,
182,0.839995728,0.160004272,NC_exaltata13,NC_exaltata13,,,,,,,,,
183,0.999997786,2.21e-06,NC_exaltata15,NC_exaltata15,,,,,,,,,
184,0.871025458,0.128974542,NC_exaltata17,NC_exaltata17,,,,,,,,,
185,0.144082212,0.855917788,ARROW2_S47,ARROW2_S47,,,,,,,,,
186,0.256239285,0.743760715,NC_exaltata25,NC_exaltata25,,,,,,,,,
187,0.77120538,0.22879462,NC_exaltata29,NC_exaltata29,,,,,,,,,
188,0.625379409,0.374620591,NC_exaltata31,NC_exaltata31,,,,,,,,,
189,0.710432592,0.289567408,NC_exaltata33,NC_exaltata33,,,,,,,,,
190,0.843065258,0.156934742,NC_exaltata35,NC_exaltata35,,,,,,,,,
191,0.999999961,3.87e-08,NC_exaltata37,NC_exaltata37,,,,,,,,,
192,0.999848536,0.000151464,NC_exaltata39,NC_exaltata39,,,,,,,,,
193,0.999991217,8.78e-06,NC_exaltata41,NC_exaltata41,,,,,,,,,
194,0.109715315,0.890284685,BLRI1_S54,BLRI1_S54,,,,,,,,,
195,0.105607501,0.894392499,BLUE1_S66,BLUE1_S66,,,,,,,,,
196,0.174658925,0.825341075,BRUNS2_S61,BRUNS2_S61,,,,,,,,,
197,0.58707644,0.41292356,NC_exaltata49,NC_exaltata49,,,,,,,,,
198,0.204826313,0.795173687,NC_exaltata51,NC_exaltata51,,,,,,,,,
199,0.999995455,4.55e-06,NC_exaltata53,NC_exaltata53,,,,,,,,,
200,0.614860063,0.385139937,NC_exaltata55,NC_exaltata55,,,,,,,,,
201,0.594461687,0.405538313,NC_exaltata57,NC_exaltata57,,,,,,,,,
202,0.654431771,0.345568229,NC_exaltata59,NC_exaltata59,,,,,,,,,
203,0.999629377,0.000370623,NC_exaltata61,NC_exaltata61,,,,,,,,,
204,0.905513233,0.094486767,NC_exaltata63,NC_exaltata63,,,,,,,,,
205,0.878419007,0.121580993,NC_exaltata65,NC_exaltata65,,,,,,,,,
206,0.100044736,0.899955264,CROIX2_S67,CROIX2_S67,,,,,,,,,
207,0.242003551,0.757996449,NC_exaltata73,NC_exaltata73,,,,,,,,,
208,0.318819015,0.681180985,NC_exaltata75,NC_exaltata75,,,,,,,,,
209,0.888656751,0.111343249,NC_exaltata77,NC_exaltata77,,,,,,,,,
210,0.723182101,0.276817899,NC_exaltata79,NC_exaltata79,,,,,,,,,
211,0.56926361,0.43073639,NC_exaltata81,NC_exaltata81,,,,,,,,,
212,0.995308444,0.004691556,NC_exaltata83,NC_exaltata83,,,,,,,,,
213,0.999998062,1.94e-06,NC_exaltata85,NC_exaltata85,,,,,,,,,
214,0.819354587,0.180645413,NC_exaltata87,NC_exaltata87,,,,,,,,,
215,0.861860195,0.138139805,NC_exaltata89,NC_exaltata89,,,,,,,,,
216,0.181366322,0.818633678,DENI2_S48,DENI2_S48,,,,,,,,,
217,0.135387876,0.864612124,DEWA1_S36,DEWA1_S36,,,,,,,,,
218,0.169041647,0.830958353,NC_exaltata97,NC_exaltata97,,,,,,,,,
219,0.886506569,0.113493431,NC_exaltata99,NC_exaltata99,,,,,,,,,
220,0.818227999,0.181772001,NC_exaltata101,NC_exaltata101,,,,,,,,,
221,0.90995474,0.09004526,NC_exaltata103,NC_exaltata103,,,,,,,,,
222,0.851650343,0.148349657,NC_exaltata105,NC_exaltata105,,,,,,,,,
223,0.873884543,0.126115457,NC_exaltata107,NC_exaltata107,,,,,,,,,
224,0.075135695,0.924864305,ELRO1_S42,ELRO1_S42,,,,,,,,,
225,0.036869674,0.963130326,EMO1_S51,EMO1_S51,,,,,,,,,
226,0.160466704,0.839533296,NC_exaltata121,NC_exaltata121,,,,,,,,,
227,0.753101099,0.246898901,NC_exaltata123,NC_exaltata123,,,,,,,,,
228,0.637414834,0.362585166,NC_exaltata125,NC_exaltata125,,,,,,,,,
229,0.81201297,0.18798703,NC_exaltata127,NC_exaltata127,,,,,,,,,
230,0.835692884,0.164307116,NC_exaltata129,NC_exaltata129,,,,,,,,,
231,0.999999719,2.81e-07,NC_exaltata133,NC_exaltata133,,,,,,,,,
232,1.0,1.23e-11,NC_exaltata135,NC_exaltata135,,,,,,,,,
233,0.707671274,0.292328726,NC_exaltata137,NC_exaltata137,,,,,,,,,
234,0.056365708,0.943634292,FN1_S55,FN1_S55,,,,,,,,,
235,0.747258051,0.252741949,FOLA2_S38,FOLA2_S38,,,,,,,,,
236,0.219966033,0.780033967,NC_exaltata145,NC_exaltata145,,,,,,,,,
237,0.329664033,0.670335967,NC_exaltata147,NC_exaltata147,,,,,,,,,
238,0.859434431,0.140565569,NC_exaltata149,NC_exaltata149,,,,,,,,,
239,0.898779456,0.101220544,NC_exaltata153,NC_exaltata153,,,,,,,,,
240,0.99986633,0.00013367,NC_exaltata157,NC_exaltata157,,,,,,,,,
241,0.996103237,0.003896763,NC_exaltata159,NC_exaltata159,,,,,,,,,
242,0.034028953,0.965971047,GADS2_S40,GADS2_S40,,,,,,,,,
243,0.096819972,0.903180028,GALES2_S49,GALES2_S49,,,,,,,,,
244,0.111495735,0.888504265,GWC2_S18,GWC2_S18,,,,,,,,,
245,0.192766627,0.807233373,NC_exaltata169,NC_exaltata169,,,,,,,,,
246,0.690378438,0.309621562,NC_exaltata171,NC_exaltata171,,,,,,,,,
247,0.627289197,0.372710803,NC_exaltata173,NC_exaltata173,,,,,,,,,
248,0.583071685,0.416928315,NC_exaltata175,NC_exaltata175,,,,,,,,,
249,0.739663348,0.260336652,NC_exaltata177,NC_exaltata177,,,,,,,,,
250,0.783574415,0.216425585,NC_exaltata179,NC_exaltata179,,,,,,,,,
251,0.926063629,0.073936371,NC_exaltata181,NC_exaltata181,,,,,,,,,
252,0.999999615,3.85e-07,NC_exaltata183,NC_exaltata183,,,,,,,,,
253,0.203098347,0.796901653,HOPE1_S39,HOPE1_S39,,,,,,,,,
254,0.14972042,0.85027958,IDNL1_S21,IDNL1_S21,,,,,,,,,
255,0.24030647,0.75969353,KEMP1_S28,KEMP1_S28,,,,,,,,,
256,0.162881389,0.837118611,KENS2_S46,KENS2_S46,,,,,,,,,
257,0.128549703,0.871450297,KONZA1_S56,KONZA1_S56,,,,,,,,,
258,0.190898139,0.809101861,KRUM1_S53,KRUM1_S53,,,,,,,,,
259,0.128206271,0.871793729,MABI2_S19,MABI2_S19,,,,,,,,,
260,0.00748528,0.99251472,MAMM2_S63,MAMM2_S63,,,,,,,,,
261,0.086890789,0.913109211,MANA5_S70,MANA5_S70,,,,,,,,,
262,0.001880724,0.998119276,MAVA2_S32,MAVA2_S32,,,,,,,,,
263,0.21517854,0.78482146,MEPA1_S20,MEPA1_S20,,,,,,,,,
264,6.38e-16,1.0,MIMA2_S62,MIMA2_S62,,,,,,,,,
265,0.059018648,0.940981352,MNRR3_S57,MNRR3_S57,,,,,,,,,
266,0.136961145,0.863038855,NACH1_S27,NACH1_S27,,,,,,,,,
267,0.108325958,0.891674042,NDSU2_S69,NDSU2_S69,,,,,,,,,
268,0.215976003,0.784023997,OMAHA2_S35,OMAHA2_S35,,,,,,,,,
269,0.076558746,0.923441254,PWA5_S24,PWA5_S24,,,,,,,,,
270,0.081625176,0.918374824,RES2_S23,RES2_S23,,,,,,,,,
271,0.142845844,0.857154156,RMN3_S64,RMN3_S64,,,,,,,,,
272,0.060924805,0.939075195,SAGA2_S59,SAGA2_S59,,,,,,,,,
273,0.120752387,0.879247613,SAND1_S68,SAND1_S68,,,,,,,,,
274,0.194746379,0.805253621,SEPAC2_S34,SEPAC2_S34,,,,,,,,,
275,0.156987611,0.843012389,SHAW2_S30,SHAW2_S30,,,,,,,,,
276,0.116103451,0.883896549,SHEED2_S37,SHEED2_S37,,,,,,,,,
277,0.111318854,0.888681146,SKYY2B_S41,SKYY2B_S41,,,,,,,,,
278,0.064388897,0.935611103,SNP2_S52,SNP2_S52,,,,,,,,,
279,0.006931575,0.993068425,SNRB2_S43,SNRB2_S43,,,,,,,,,
280,0.067903897,0.932096103,STGA1_S65,STGA1_S65,,,,,,,,,
281,0.240690937,0.759309063,TPKS4_S26,TPKS4_S26,,,,,,,,,
282,0.099740932,0.900259068,TPPOK2_S22,TPPOK2_S22,,,,,,,,,
283,0.101280545,0.898719455,UNI2_S60,UNI2_S60,,,,,,,,,
284,0.229632645,0.770367355,WATER1_S31,WATER1_S31,,,,,,,,,
285,0.125338468,0.874661532,WEIR2_S29,WEIR2_S29,,,,,,,,,
286,0.047239741,0.952760259,ZEE1_S33,ZEE1_S33,,,,,,,,,
287,,,,,,FRW-5,,-0.13774498,-0.029185103,-0.010068946,-0.045237646,0.006528294,
288,,,,,,SGC12-,,-0.1457344,0.036117036,-0.010530285,0.007166963,-0.012706789,
289,,,,,,GH1-,,0.19696973,-0.05405359,0.015906952,-0.033602897,0.14543208,
290,,,,,,SGC5-,,-0.16531013,0.14306037,0.032862928,-0.031128032,-0.012515234,
291,,,,,,SGC1-,,0.25965986,-0.010311325,-0.018477328,-0.012986769,0.00946528,
292,,,,,,SGC9-,,-0.17387675,0.14582194,0.028991973,-0.031644,-0.021193681,
293,,,,,,SGC2-,,0.19322729,0.024642674,-0.022624258,-0.006354931,-0.02505991,
294,,,,,,SGC10-,,-0.16714157,0.16546129,0.014886186,-0.027370542,-0.005765732,
295,,,,,,SGC3-,,0.13819583,0.058236316,0.006879056,-0.041638147,-0.012558266,
296,,,,,,SGC11-,,-0.16773146,0.17559242,0.041128963,-0.02910461,-0.023681723,
297,,,,,,speciosa1,speciosa,0.10979212,-0.019831445,0.22102647,0.043084636,-0.029510267,
298,,,,,,speciosa3,speciosa,0.115004525,-0.045493774,0.22824581,0.035157345,-0.016135551,
299,,,,,,speciosa5,speciosa,0.14414185,-0.13468885,0.21739753,0.004046215,-0.002677047,
300,,,,,,speciosa7,speciosa,0.09916469,-0.08608212,0.20894533,0.000745,-0.012059853,
301,,,,,,speciosa9,speciosa,0.023929546,-0.001233576,0.19105777,0.031518936,-0.008398976,
302,,,,,,speciosa11,speciosa,0.12091331,-0.06588944,0.23540208,0.025001926,-0.029840793,
303,,,,,,speciosa13,speciosa,0.10132738,-0.03126999,0.22976694,0.045886744,-0.0314195,
304,,,,,,speciosa15,speciosa,0.12549965,-0.07777864,0.2316813,0.014730031,-0.028618697,
305,,,,,,speciosa17,speciosa,0.10747237,-0.0867746,0.21824513,0.026900094,-0.005562394,
306,,,,,,speciosa21,speciosa,0.12490242,-0.10989918,0.20754373,0.016554916,-0.022015357,
307,,,,,,speciosa23,speciosa,0.13360444,-0.09297824,0.22693391,0.05165789,-0.019582849,
308,,,,,,speciosa25,speciosa,0.13449511,-0.07282098,0.23463076,0.026312694,0.024512699,
309,,,,,,speciosa27,speciosa,0.079332806,0.016245833,0.22210233,0.037254766,0.001058036,
310,,,,,,speciosa29,speciosa,0.09712951,-0.09664546,0.2071793,0.001228614,-0.007571257,
311,,,,,,NC_exaltata1,exaltata,-0.06324486,0.08008773,0.000606,-0.001150513,-0.007214992,
312,,,,,,NC_exaltata3,exaltata,-0.025328955,0.07032738,-0.008990907,-0.014416971,-0.011301344,
313,,,,,,NC_exaltata5,exaltata,0.16973317,0.034468886,-0.015102517,0.03616584,0.001922318,
314,,,,,,NC_exaltata7,exaltata,0.21580726,0.021319348,-0.014998418,0.01414238,-0.04452545,
315,,,,,,NC_exaltata9,exaltata,0.14295836,0.07620263,-0.008483097,0.020513976,-0.019001009,
316,,,,,,NC_exaltata13,exaltata,0.22000472,0.013209909,-0.030474847,0.020244386,-0.011435551,
317,,,,,,NC_exaltata15,exaltata,0.30371657,-0.055630706,-0.047688972,0.002060523,-0.026544742,
318,,,,,,NC_exaltata17,exaltata,0.25138333,-0.030873073,-0.007531384,0.007601065,-0.051802978,
319,,,,,,ARROW2_S47,syriaca,-0.117350176,-0.17639387,-0.015118961,-0.004633698,-0.01892151,
320,,,,,,NC_exaltata25,exaltata,-0.038675897,0.070698895,-0.003976347,-0.010776939,-0.026330069,
321,,,,,,NC_exaltata29,exaltata,0.18349722,0.049687285,-0.02692575,0.002379277,-0.000594,
322,,,,,,NC_exaltata31,exaltata,0.12029763,0.099525675,-0.014127747,0.007827127,-0.021589084,
323,,,,,,NC_exaltata33,exaltata,0.16341655,0.049919907,-0.026598964,0.012390018,-0.02789767,
324,,,,,,NC_exaltata35,exaltata,0.22211415,-0.005883817,-0.044841353,0.043203413,-0.004875873,
325,,,,,,NC_exaltata37,exaltata,0.3260917,-0.07797613,-0.060599897,0.06009319,-0.009182803,
326,,,,,,NC_exaltata39,exaltata,0.31988144,-0.07572829,-0.04110512,0.012581275,-0.015559671,
327,,,,,,NC_exaltata41,exaltata,0.27227604,-0.05894526,-0.034698147,-0.01779351,-0.020244226,
328,,,,,,BLRI1_S54,syriaca,-0.13305591,-0.12130742,-0.011940568,-0.013015016,-0.032118645,
329,,,,,,BLUE1_S66,syriaca,-0.1324493,-0.14857069,-0.012439222,-0.05293063,-0.02032633,
330,,,,,,BRUNS2_S61,syriaca,-0.09149857,-0.13132384,-0.03830198,-0.012349461,-0.002421899,
331,,,,,,NC_exaltata49,exaltata,0.10877635,0.11980834,-0.007792038,0.003275129,-0.022019032,
332,,,,,,NC_exaltata51,exaltata,-0.059002046,0.10359131,0.02814922,-0.016601173,-0.007223414,
333,,,,,,NC_exaltata53,exaltata,0.31082824,-0.07939406,-0.03861349,-0.000279,-0.016347868,
334,,,,,,NC_exaltata55,exaltata,0.11464295,0.06737978,-0.019822236,0.04530909,0.014675359,
335,,,,,,NC_exaltata57,exaltata,0.117915556,0.09878886,-0.009982975,0.009579057,-0.037815318,
336,,,,,,NC_exaltata59,exaltata,0.1466388,0.046344083,0.019717103,-0.004252041,-0.000292,
337,,,,,,NC_exaltata61,exaltata,0.36342445,-0.1321321,-0.053215392,0.008233628,-0.030164234,
338,,,,,,NC_exaltata63,exaltata,0.25705874,-0.017380523,-0.031115014,0.018576853,-0.028573526,
339,,,,,,NC_exaltata65,exaltata,0.25194377,-0.010917007,-0.019820696,0.028982542,-0.047669653,
340,,,,,,CROIX2_S67,syriaca,-0.13743222,-0.13628796,-0.016921952,-0.044368096,0.013394441,
341,,,,,,NC_exaltata73,exaltata,-0.045991447,0.08468554,-0.020960791,0.002367835,-0.040652,
342,,,,,,NC_exaltata75,exaltata,-0.016409166,0.044426166,0.006491997,-0.02335047,-0.036689684,
343,,,,,,NC_exaltata77,exaltata,0.24307641,0.014583782,-0.038135186,-0.021367418,-0.024993442,
344,,,,,,NC_exaltata79,exaltata,0.16280988,0.07923791,-0.032030486,-0.004457376,-0.02900816,
345,,,,,,NC_exaltata81,exaltata,0.09597247,0.11307268,0.001135983,-0.013988809,-0.014258591,
346,,,,,,NC_exaltata83,exaltata,0.27261448,-0.036280856,-0.058306936,0.061010685,-0.019611645,
347,,,,,,NC_exaltata85,exaltata,0.2888422,-0.043550596,-0.03099239,0.040389568,-0.019433552,
348,,,,,,NC_exaltata87,exaltata,0.22383268,0.022277372,-0.00331349,0.0420405,-0.010229715,
349,,,,,,NC_exaltata89,exaltata,0.23876639,-0.018827008,-0.021484695,-0.036786795,-0.012622672,
350,,,,,,DENI2_S48,syriaca,-0.10905822,-0.15863283,-0.018818518,-0.015168247,-0.030764375,
351,,,,,,DEWA1_S36,syriaca,-0.13644075,-0.16810983,-0.020672487,-0.03422499,0.009828887,
352,,,,,,NC_exaltata97,exaltata,-0.07650371,0.10367588,-0.004555329,0.004833312,-0.014548558,
353,,,,,,NC_exaltata99,exaltata,0.24276909,-0.029017743,-0.04495123,-0.020435693,-0.029135143,
354,,,,,,NC_exaltata101,exaltata,0.22694297,0.01833079,-0.025505744,0.000933,0.016470304,
355,,,,,,NC_exaltata103,exaltata,0.24060299,-0.001995754,-0.025257863,-0.000751,-0.030054983,
356,,,,,,NC_exaltata105,exaltata,0.22880968,0.003734716,-0.044314124,-0.008784747,-0.00710669,
357,,,,,,NC_exaltata107,exaltata,0.23071413,0.004709985,-0.038988397,-0.001876861,-0.028538674,
358,,,,,,ELRO1_S42,syriaca,-0.13381258,-0.18431893,-0.022201087,-0.008427417,-0.015266961,
359,,,,,,EMO1_S51,syriaca,-0.13755901,0.050637506,0.025917308,-0.04260211,-0.041926008,
360,,,,,,NC_exaltata121,exaltata,-0.072059765,0.1195033,0.003759596,-0.023855062,-0.025653899,
361,,,,,,NC_exaltata123,exaltata,0.17894726,0.08053702,-0.037089854,-0.012550283,-0.030037623,
362,,,,,,NC_exaltata125,exaltata,0.12759341,0.10239629,-0.024907371,-0.00162671,-0.007952949,
363,,,,,,NC_exaltata127,exaltata,0.20442177,0.052110992,-0.04276623,0.032895256,-0.00530038,
364,,,,,,NC_exaltata129,exaltata,0.23031294,0.04280453,-0.019941544,0.023799047,-0.001663989,
365,,,,,,NC_exaltata133,exaltata,0.3356326,-0.09620748,-0.06910411,0.01787372,-0.019312315,
366,,,,,,NC_exaltata135,exaltata,0.31803,-0.09392096,-0.044866767,0.017292025,-0.000149,
367,,,,,,NC_exaltata137,exaltata,0.15402308,0.0592792,-0.020732319,-0.009650388,-0.015826726,
368,,,,,,FN1_S55,syriaca,-0.15167901,-0.10743135,-0.029028112,0.000861,-0.028370231,
369,,,,,,FOLA2_S38,syriaca,0.18298128,-0.24874353,0.20809984,-0.022048157,-0.013372444,
370,,,,,,NC_exaltata145,exaltata,-0.0643345,0.11530169,0.013091175,-0.015329986,-0.013884129,
371,,,,,,NC_exaltata147,exaltata,-0.020918293,0.084431104,-0.020734547,-0.011248637,-0.030709013,
372,,,,,,NC_exaltata149,exaltata,0.22743109,0.02773174,-0.035450347,0.012577925,-0.002499196,
373,,,,,,NC_exaltata153,exaltata,0.24412066,0.007162736,-0.03711197,-0.02325249,-0.019700337,
374,,,,,,NC_exaltata157,exaltata,0.3591539,-0.11922463,-0.038897984,0.008349053,-0.018689103,
375,,,,,,NC_exaltata159,exaltata,0.32532212,-0.0808654,-0.06120084,0.006978791,-0.001979593,
376,,,,,,GADS2_S40,syriaca,-0.1555507,-0.11495044,-0.03747665,-0.00514001,-0.014495731,
377,,,,,,GALES2_S49,syriaca,-0.14213383,-0.14795156,-0.042792484,0.016522748,0.005210252,
378,,,,,,GWC2_S18,syriaca,-0.13603365,-0.099710844,-0.03979939,0.036037322,-0.009562352,
379,,,,,,NC_exaltata169,exaltata,-0.06811987,0.10986809,-0.002151889,-0.02152012,-0.040588833,
380,,,,,,NC_exaltata171,exaltata,0.16023442,0.06560484,-0.018999714,0.013170235,-0.015925802,
381,,,,,,NC_exaltata173,exaltata,0.11950548,0.10371859,-0.035314452,0.000575,-0.012927933,
382,,,,,,NC_exaltata175,exaltata,0.09713981,0.09416183,-0.003436935,-0.012539426,0.0147601,
383,,,,,,NC_exaltata177,exaltata,0.17676345,0.058645763,-0.037054647,-0.011700599,0.009939639,
384,,,,,,NC_exaltata179,exaltata,0.1805063,0.059335075,-0.024333956,-0.002145181,0.017911246,
385,,,,,,NC_exaltata181,exaltata,0.28186706,-0.042521235,-0.024407234,0.023627916,-0.000928,
386,,,,,,NC_exaltata183,exaltata,0.28586307,-0.053997457,-0.017740138,0.002385876,-0.05757258,
387,,,,,,HOPE1_S39,syriaca,-0.11289913,-0.20095836,-0.003394452,0.013856395,-0.021363184,
388,,,,,,IDNL1_S21,syriaca,-0.11667927,-0.121715695,0.009407947,-0.061420124,-0.010748824,
389,,,,,,KEMP1_S28,syriaca,-0.081548356,-0.20597614,-0.01183569,-0.008622497,-0.004826467,
390,,,,,,KENS2_S46,syriaca,-0.115262434,-0.22034873,-0.030863672,0.018053535,-0.016543852,
391,,,,,,KONZA1_S56,syriaca,-0.13380356,-0.15628351,-0.021998344,0.014120027,0.000863,
392,,,,,,KRUM1_S53,syriaca,-0.09769082,-0.17495728,-0.024434386,-0.054924913,-0.001783983,
393,,,,,,MABI2_S19,syriaca,-0.12869003,-0.22064577,-0.083464324,0.029841738,-0.007939089,
394,,,,,,MAMM2_S63,syriaca,-0.14729345,0.000135,-0.014465499,-0.041560024,-0.021957105,
395,,,,,,MANA5_S70,syriaca,-0.13805732,-0.1487074,-0.045512855,-0.027160717,0.007457516,
396,,,,,,MAVA2_S32,syriaca,-0.16246167,0.042022258,0.024593132,-0.072910815,-0.012577959,
397,,,,,,MEPA1_S20,syriaca,-0.08949619,-0.16444287,0.025431992,-0.05973856,-0.034662936,
398,,,,,,MIMA2_S62,syriaca,-0.16334723,0.08007177,0.015978679,-0.058375992,-0.015092067,
399,,,,,,MNRR3_S57,syriaca,-0.1432416,-0.17251514,-0.010464566,-0.025553456,-0.023846652,
400,,,,,,NACH1_S27,syriaca,-0.12638894,-0.18819287,-0.032650042,0.027775643,-0.038282443,
401,,,,,,NDSU2_S69,syriaca,-0.13801035,-0.12052049,-0.007882032,-0.022143677,-0.037745476,
402,,,,,,OMAHA2_S35,syriaca,-0.082604796,-0.26660383,-0.045314323,0.04074388,0.016091006,
403,,,,,,PWA5_S24,syriaca,-0.14525464,-0.19694714,-0.07425848,-0.015349767,-0.014168854,
404,,,,,,RES2_S23,syriaca,-0.14691415,-0.14192778,-0.029850455,-0.0672334,0.000922,
405,,,,,,RMN3_S64,syriaca,-0.13983752,-0.15402427,-0.03298269,-0.012906747,-0.001338798,
406,,,,,,SAGA2_S59,syriaca,-0.14019786,-0.124889225,-0.037386645,-0.009768574,-0.013296584,
407,,,,,,SAND1_S68,syriaca,-0.13596974,-0.16868919,-0.01258643,-0.012736476,-0.02900758,
408,,,,,,SEPAC2_S34,syriaca,-0.10809481,-0.22584954,-0.02349779,-0.00887015,-0.007160879,
409,,,,,,SHAW2_S30,syriaca,-0.12596141,-0.15877664,-0.008492673,-0.064488605,-0.006111287,
410,,,,,,SHEED2_S37,syriaca,-0.12313663,-0.18332966,-0.037805397,-0.002365175,-0.020684289,
411,,,,,,SKYY2B_S41,syriaca,-0.13732532,-0.1564563,-0.07881633,0.034133352,-0.020782357,
412,,,,,,SNP2_S52,syriaca,-0.15561059,-0.1126514,-0.022192948,-0.019057259,-0.015162286,
413,,,,,,SNRB2_S43,syriaca,-0.14896671,-0.092188194,-0.006978079,-0.06556457,-0.00218233,
414,,,,,,STGA1_S65,syriaca,-0.14111105,0.037412927,0.016403135,-0.038843058,-0.026663277,
415,,,,,,TPKS4_S26,syriaca,-0.09804285,-0.26375315,-0.005994789,0.003797625,-0.001363717,
416,,,,,,TPPOK2_S22,syriaca,-0.1289016,-0.12633064,-0.0206911,-0.049341157,-0.010319226,
417,,,,,,UNI2_S60,syriaca,-0.13241126,-0.13880183,-0.06631415,-0.009956231,0.022614796,
418,,,,,,WATER1_S31,syriaca,-0.073129505,-0.25971588,0.003900301,-0.011327883,-0.00898032,
419,,,,,,WEIR2_S29,syriaca,-0.132191,-0.19101071,-0.014157696,-0.027866516,-0.025554316,
420,,,,,,ZEE1_S33,syriaca,-0.1546804,-0.15341876,-0.028813593,-0.005986667,0.013909696,
