,sample_id,Site,Archaea|Crenarchaeota,Archaea|Euryarchaeota,Archaea|Thaumarchaeota,Bacteria|Abditibacteriota,Bacteria|Acidobacteria,Bacteria|Actinobacteria,Bacteria|Aquificae,Bacteria|Armatimonadetes,Bacteria|Bacteroidetes,Bacteria|Balneolaeota,Bacteria|Calditrichaeota,Bacteria|Candidatus Aerophobetes,Bacteria|Candidatus Aminicenantes,Bacteria|Candidatus Atribacteria,Bacteria|Candidatus Buchananbacteria,Bacteria|Candidatus Cloacimonetes,Bacteria|Candidatus Curtissbacteria,Bacteria|Candidatus Dadabacteria,Bacteria|Candidatus Desantisbacteria,Bacteria|Candidatus Doudnabacteria,Bacteria|Candidatus Eisenbacteria,Bacteria|Candidatus Falkowbacteria,Bacteria|Candidatus Fermentibacteria,Bacteria|Candidatus Gottesmanbacteria,Bacteria|Candidatus Gracilibacteria,Bacteria|Candidatus Hydrogenedentes,Bacteria|Candidatus Jacksonbacteria,Bacteria|Candidatus Kaiserbacteria,Bacteria|Candidatus Latescibacteria,Bacteria|Candidatus Magasanikbacteria,Bacteria|Candidatus Margulisbacteria,Bacteria|Candidatus Marinimicrobia,Bacteria|Candidatus Melainabacteria,Bacteria|Candidatus Microgenomates,Bacteria|Candidatus Nomurabacteria,Bacteria|Candidatus Omnitrophica,Bacteria|Candidatus Parcubacteria,Bacteria|Candidatus Peregrinibacteria,Bacteria|Candidatus Poribacteria,Bacteria|Candidatus Portnoybacteria,Bacteria|Candidatus Rokubacteria,Bacteria|Candidatus Ryanbacteria,Bacteria|Candidatus Saccharibacteria,Bacteria|Candidatus Staskawiczbacteria,Bacteria|Candidatus Sumerlaeota,Bacteria|Candidatus Taylorbacteria,Bacteria|Candidatus Terrybacteria,Bacteria|Candidatus Woesebacteria,Bacteria|Chlamydiae,Bacteria|Chlorobi,Bacteria|Chloroflexi,Bacteria|Chrysiogenetes,Bacteria|Cyanobacteria,Bacteria|Deferribacteres,Bacteria|Deinococcus-Thermus,Bacteria|Dictyoglomi,Bacteria|Elusimicrobia,Bacteria|Firmicutes,Bacteria|Fusobacteria,Bacteria|Gemmatimonadetes,Bacteria|Ignavibacteriae,Bacteria|Nitrospinae,Bacteria|Nitrospirae,Bacteria|Planctomycetes,Bacteria|Proteobacteria,Bacteria|Rhodothermaeota,Bacteria|Spirochaetes,Bacteria|Synergistetes,Bacteria|Tenericutes,Bacteria|Thermodesulfobacteria,Bacteria|Thermotogae,Bacteria|Verrucomicrobia,Bacteria|candidate division CPR1,Bacteria|candidate division CPR3,Bacteria|candidate division NC10,Bacteria|candidate division WWE3,Bacteria|candidate division Zixibacteria,Eukaryota|Apicomplexa,Eukaryota|Ascomycota,Eukaryota|Bacillariophyta,Eukaryota|Basidiomycota,Eukaryota|Blastocladiomycota,Eukaryota|Chlorophyta,Eukaryota|Chytridiomycota,Eukaryota|Cryptomycota,Eukaryota|Microsporidia,Eukaryota|Mucoromycota,Eukaryota|Streptophyta,Eukaryota|Zoopagomycota
0,RRL1,RRL,0,0.17797,0,0,0.08643,4.71047,0.1431,0,0.67146,0,0,0,0,0,0,0,0,0,0,0,0,0,0,0,0,0,0,0,0,0,0,0,0.01337,0,0,0,0,0.24529,0.00218,0.0058,0,0,0.00017,0.00011,0,0,0.00019,0,0,0,0.01769,0,15.30958,0,0.0885,0,0,2.63314,0.00217,0,0,0,0.00034,0.00069,5.31801,0,0.03309,0.01376,0.82833,0.02955,0.05329,0,0,0,0.00024,0,0,0.13405,0.32279,0.00033,0.09698,0,0.0403,0,0.00016,0.00073,0.00599,0,0
1,RRL2,RRL,0,0.15614,0,0,0.00198,4.87482,0.20014,0,0.45856,0,0,0,0,0.00393,0,0,0,0,0,0,0,0,0.00013,0,0,0,0,0,0,0,0,0,0.00579,0,0,0,0,0.25618,0.00254,0.00552,0,0,0.00011,0.00017,0,0,0,0,0,0,0.01979,0,15.17152,0,0.08167,0,0,2.93196,0.00427,0.00016,0.00014,0,0.00033,0.00043,4.10263,0,0.03854,0.01409,0.51516,0,0.00634,0,0,0,0.00041,0,0,0.16649,0.23027,0.0005,0.06678,0,0.02993,0,0.00051,0.00049,0.0039,0,0
2,RRL3,RRL,0,0.17023,0,0,0.08687,3.52737,0.10634,0,0.514,0,0,0,0,0.00533,0,0,0,0,0,0,0,0,0,0,0.00013,0,0,0,0,0,0,0,0.01679,0,0,0,0,0.22935,0.00301,0.00624,0,0,0.00358,0.00011,0,0.00044,0.00019,0,0,0,0.00018,0,19.71332,0,0.09138,0,0,2.83003,0.00458,0,0.00023,0,0.00029,0.00116,4.81876,0,0.03843,0.01007,0.6257,0.04048,0,0.00011,0,0,0.00029,0,0,0.11543,0.24698,0.00045,0.07855,0,0.03326,0,0.00032,0.0004,0.00311,0,0
3,RRL4,RRL,0,0.15893,0,0,0.05855,4.61111,0.11605,0,0.5356,0,0,0,0,0.00019,0,0,0,0,0,0,0,0,0.0001,0,0,0,0,0,0,0,0,0,0.01221,0,0,0,0,0.29337,0.00257,0.00529,0,0,0,0,0,0.00045,0,0,0,0,0.00044,0,16.20834,0,0.06967,0,0,1.47236,0.00395,0.00016,0,0,0.00109,0.00101,3.21454,0,0.03969,0.01481,0.45704,0,0.03177,0,0,0,0.00027,0,0,0.10822,0.17981,0.00026,0.0644,0,0.03055,0,0.00055,0.00039,0.00539,0,0
4,RRL5,RRL,0,0.14098,0,0,0.00024,3.05559,0.1395,0,0.43189,0,0,0,0,0.00509,0,0,0,0,0,0,0,0,0,0,0,0,0,0,0,0,0,0,0.0028,0,0,0,0,0.26701,0.00262,0.00923,0,0,0,0.00013,0,0,0.00012,0,0,0,0.01747,0,17.27123,0,0.06075,0,0,0.89999,0.00419,0,0.00032,0,0.00246,0.0002,5.8466,0,0.03765,0.02219,0.49355,0,0.01174,0,0,0,0.00023,0,0,0.06823,0.14213,0.00027,0.03485,0,0.02211,0,0.00023,0.00049,0.0022,0,0
5,RRL6,RRL,0,0.1902,0,0,0.083,4.35181,0.16462,0,0.68657,0,0,0,0,0.00019,0,0,0,0,0,0,0,0,0,0,0,0,0,0,0,0,0,0,0.00258,0,0,0,0,0.25969,0.0029,0,0,0,0,0,0,0.00052,0.00016,0,0,0,0.00036,0,13.65186,0,0.06916,0,0,3.33241,0.00448,0.00041,0,0,0,0.0005,5.19557,0,0.00039,0.00265,0.57244,0.00014,0.02564,0.00119,0,0,0.00049,0,0,0.16334,0.18322,0.00039,0.06259,0,0.03635,0,0.00436,0.00095,0.00371,0,0
6,RRL7,RRL,0,0.20571,0,0,0.09393,8.44138,0.10375,0,0.69446,0,0,0,0,0,0,0,0,0,0,0,0,0,0,0,0,0,0,0,0,0,0,0,0.02389,0,0,0.00012,0,0.23575,0.00244,0.00743,0,0,0.00021,0,0,0,0.00035,0,0,0,0.00074,0,15.81629,0,0.13748,0.11018,0,2.72221,0.00436,0.00024,0,0,0.00031,0.00115,4.80234,0,0.02973,0.02189,0.45862,0,0.00914,0,0,0,0.00028,0,0,0.04773,0.34756,0.00053,0.09069,0,0.03248,0.00015,0.00109,0.00097,0.00773,0,0.00058
7,RRL8,RRL,0,0.1687,0,0,0,5.17185,0.13236,0,0.1483,0,0,0,0,0,0,0,0,0,0,0,0,0,0,0,0,0,0,0,0,0,0,0,0.00928,0,0,0,0,0.18285,0.00217,0,0,0,0,0,0,0,0,0,0,0.00012,0.00174,0,12.76386,0,0.1145,0,0,5.80849,0.0023,0.00019,0,0,0.00352,0.0009,4.9941,0,0.06808,0.00772,1.14013,0,0,0,0,0,0.00014,0,0,0.01825,0.21733,0.00061,0.04317,0,0.02608,0,0,0.00069,0.00521,0,0.00017
8,RRL9,RRL,0,0.14109,0,0,0.004,6.45114,0.12144,0,0.43042,0,0,0,0,0.00017,0,0,0,0,0,0,0,0.00039,0.00011,0,0,0,0,0,0,0,0,0,0.00423,0,0,0,0,0.2255,0.00252,0.00408,0,0,0.00011,0,0,0,0,0,0,0,0.01685,0,12.04353,0,0.16078,0,0,8.77102,0.00356,0.00019,0.00013,0,0.00026,0.00423,4.8386,0,0.02717,0.00679,0.44657,0,0,0,0,0,0.00028,0,0,0.20729,0.33942,0.00079,0.06047,0,0.04017,0,0.00116,0.00191,0.00493,0,0
9,RRL10,RRL,0,0.12601,0,0,0.00016,2.38119,0.16363,0,0.46743,0,0,0,0,0.00767,0,0,0,0,0,0,0,0,0,0,0,0,0,0,0,0,0,0,0.00538,0,0,0,0,0.04256,0.00363,0.01018,0,0,0.00025,0.00011,0,0.00038,0.00039,0,0,0,0.02393,0,23.19811,0,0.05789,0,0,3.71065,0.00602,0.00013,0.00031,0,0.00529,0.00065,5.44293,0,0.05263,0.02608,0.49369,0.04938,0,0.00156,0,0,0.00043,0,0,0.01427,0.22654,0,0.05606,0,0.02926,0,0.00583,0.00085,0.00398,0,0.00012
10,RRL11,RRL,0,0.15563,0,0,0.10175,3.97643,0.10207,0,0.83097,0,0,0,0,0.00019,0,0,0,0,0,0,0,0,0.00011,0,0,0,0,0,0,0,0,0,0.00239,0,0,0,0,0.26432,0.00252,0,0,0,0,0,0,0.00035,0.00031,0,0,0.0001,0.0191,0,17.26824,0,0.09777,0,0,3.42311,0.00385,0,0,0,0.0002,0,4.73155,0,0.01289,0.00313,0.52631,0,0,0.00165,0,0,0.00037,0,0,0.16613,0.24054,0.00054,0.07546,0,0.03284,0,0.00036,0.00106,0.004,0,0
11,RRL12,RRL,0,0.10769,0,0,0.15922,5.82162,0.17583,0,0.41593,0,0,0,0,0.0029,0,0,0,0,0,0,0,0,0,0,0,0,0,0,0,0,0,0,0.00302,0,0,0,0,0.26191,0.00201,0,0,0,0,0,0,0,0.00027,0,0,0,0.01333,0,16.00935,0,0.06427,0,0,3.80294,0.00451,0.00024,0,0,0,0.00084,5.95312,0,0.44923,0.04217,1.07973,0,0.0041,0.0012,0,0,0.00025,0,0.00244,0.05383,0.2589,0.0003,0.11119,0,0.05408,0,0.00507,0.00193,0.00348,0,0
12,RRL13,RRL,0,0.12613,0,0,0.06208,3.06852,0.12637,0,0.78612,0,0,0,0,0.00673,0,0,0,0,0.00028,0,0,0,0,0,0,0,0,0,0,0,0,0,0.01667,0,0,0.00012,0,0.32172,0.0029,0.01043,0,0,0.00027,0,0,0.00044,0.00025,0,0,0,0.02058,0,21.38717,0,0.06813,0,0,2.32092,0.00413,0.00016,0,0,0.00257,0.00441,4.50411,0,0.04437,0.0238,0.98229,0.05934,0,0.00165,0,0,0.00028,0,0,0.10744,0.19854,0.00012,0.05155,0,0.04187,0,0.0067,0.00043,0.00429,0,0.00013
13,RRL14,RRL,0,0.15278,0,0,0.08006,3.29641,0.18007,0,0.84454,0,0,0,0,0.00706,0,0,0,0,0,0,0,0,0,0,0,0,0,0,0,0,0,0,0.00456,0,0,0,0,0,0.00272,0,0,0,0,0.00018,0,0.00047,0,0,0,0,0.0003,0,17.84607,0,0.06163,0,0,2.34913,0.00483,0.00012,0.00018,0,0.00031,0.00075,3.90068,0,0.05087,0.02057,0.57429,0,0.02343,0.00116,0,0,0,0,0,0.11718,0.18765,0,0.06026,0,0.04724,0,0.00047,0.00111,0.00303,0,0
14,RRL15,RRL,0,0.10582,0,0,0.03861,3.69929,0.13211,0,0.49213,0,0,0,0,0.00653,0,0,0,0,0,0,0,0,0,0,0,0,0,0,0,0,0,0,0.02327,0,0,0,0,0.31802,0.00299,0.012,0,0,0.00013,0.00014,0,0,0.00019,0,0,0,0.00055,0,23.33971,0,0.04991,0,0,1.17931,0.00526,0.00077,0.00025,0,0.00046,0.00111,3.12958,0,0.04863,0.02052,1.26058,0,0.02047,0.00113,0,0,0.00038,0,0,0.07131,0.10251,0,0.02628,0,0.02917,0,0.00038,0.00051,0.00291,0,0
15,RRL16,RRL,0,0.128,0,0,0.05039,3.62825,0.13063,0,0.39616,0,0,0,0,0.00412,0,0,0,0,0,0,0,0,0,0,0.00021,0,0,0,0,0,0,0,0.00365,0,0,0,0,0.25958,0.00265,0.00541,0,0,0,0.00014,0,0,0.00015,0,0,0,0.02248,0,16.93168,0,0.04636,0,0,3.51827,0.00685,0,0,0,0.00247,0.00048,3.27131,0,0.04187,0.01927,0.571,0,0.02339,0.00086,0,0,0.00017,0,0,0.0508,0.15809,0.00012,0.05724,0,0.01909,0,0.00303,0.00031,0.00313,0,0
16,RRL17,RRL,0,0.15069,0,0,0.16964,5.44963,0.17634,0,0.81193,0,0,0,0,0.00393,0,0,0,0,0,0,0,0,0,0,0,0,0,0,0,0,0,0,0.00327,0,0,0,0,0.31674,0.00233,0,0,0,0,0.00013,0,0,0.00039,0,0,0,0.0192,0,19.26453,0,0.09403,0,0,2.91918,0.00463,0.00014,0.0002,0,0,0.00421,4.04491,0,0.04318,0.02223,0.67989,0.04485,0,0.00089,0,0,0.0004,0,0,0.14848,0.21476,0.0004,0.06057,0,0.04673,0,0.00085,0.0007,0.00558,0,0
17,RRL18,RRL,0,0.1326,0,0,0.00064,3.46605,0.121,0,0.86981,0,0,0,0,0.00364,0,0,0,0,0,0.0002,0,0,0.00014,0,0,0,0,0,0,0,0,0,0.00228,0,0,0,0,0.28704,0.00283,0.00685,0,0,0.00538,0,0,0,0,0,0,0.00015,0.00076,0,17.60972,0,0.06178,0,0,2.01008,0.00735,0.00044,0,0,0.00192,0.00138,4.54637,0,0.01061,0.01045,0.46359,0.00028,0.00505,0.00101,0,0,0.00039,0,0,0.02067,0.16975,0,0.06663,0,0.02493,0,0.00021,0.00105,0.00294,0,0.00021
18,RRL19,RRL,0,0.13361,0,0,0,3.42467,0.12635,0,0.3309,0,0,0,0,0,0,0,0,0,0,0,0,0,0,0,0,0,0,0,0,0,0,0,0.00414,0,0,0,0.00011,0.32229,0.00301,0.0095,0,0,0.00016,0.00017,0,0.00027,0.00044,0,0,0,0.00049,0,18.92352,0,0.0407,0,0,0.75176,0.00401,0,0.00023,0,0.00357,0.00045,2.80045,0,0.04408,0.01891,0.89652,0,0.02663,0.00069,0,0,0.0004,0,0,0.05664,0.12257,0.00025,0.03785,0,0.0191,0,0.00024,0.00023,0.00309,0,0
19,RRL20,RRL,0,0.1144,0,0,0.11455,5.14588,0.12598,0,1.0679,0,0,0,0,0.00369,0,0,0,0,0,0,0,0.00042,0,0,0,0,0,0,0,0,0,0,0.01335,0,0,0,0,0.28121,0.00306,0.00619,0,0,0,0.00015,0,0.00032,0,0,0,0,0.0015,0,21.17406,0,0.10326,0,0,1.7538,0.00438,0.00013,0.00021,0,0.00032,0.00386,5.37677,0,0.04545,0.02223,0.47843,0.0411,0.02218,0.00112,0,0,0.0003,0,0,0.14112,0.24576,0.00021,0.11988,0,0.02534,0,0.00052,0.00114,0.0064,0,0.00018
20,RRL21,RRL,0,0.14298,0,0,0.09905,3.11721,0.12739,0.00012,0.76571,0,0,0,0,0.00293,0,0,0,0,0,0,0,0,0,0,0,0,0,0,0,0,0,0,0.00515,0,0,0,0,0.28584,0.00264,0,0,0,0,0.00011,0,0.00034,0,0,0,0.0002,0.01101,0,18.75589,0,0.06189,0,0,2.03319,0.00443,0,0,0,0.00025,0.0019,5.32911,0,0.01494,0.00323,1.47086,0.04512,0.02405,0.00062,0,0,0.00039,0,0,0.00851,0.25114,0.00033,0.06596,0,0.02172,0,0.00032,0.00056,0.00246,0,0.00026
21,RRL22,RRL,0,0.09317,0,0,0.08306,3.08142,0.13383,0,0.51225,0,0,0.00029,0,0.00589,0,0,0,0,0,0.00042,0,0.00051,0,0.00015,0,0,0,0,0,0,0,0,0.01391,0,0,0,0,0,0.00293,0.01009,0,0,0.00031,0.00012,0,0,0,0,0,0,0.00043,0,23.70426,0,0.07633,0,0,2.24308,0.00409,0,0.00026,0,0.00047,0.00092,5.72246,0,0.04392,0.02537,1.78851,0.05073,0.01388,0.00112,0,0,0.00042,0,0,0.08745,0.20122,0.00023,0.08316,0,0.0295,0,0.00491,0.00055,0.00299,0,0
22,FRW1,FRW,0,0.16877,0,0,0.08961,4.63377,0.25288,0,0.19671,0,0,0,0,0.00711,0,0,0,0,0,0,0,0,0,0,0,0,0,0,0,0,0,0,0.00326,0,0,0.00021,0,0,0.00342,0,0,0,0,0,0,0,0,0,0,0,0.00047,0,17.97787,0,0.06226,0,0,3.06466,0.00225,0.00065,0,0,0.00054,0.00202,3.66176,0,0.11977,0.01644,0.38846,0,0.02847,0,0,0,0.00018,0,0,0.01996,0.17028,0.00012,0.01368,0,0.021,0,0.00087,0.00039,0.00321,0,0.00018
23,FRW2,FRW,0,0.13897,0,0,0.00163,3.42432,0.22837,0,0.36243,0,0,0,0,0,0,0,0,0,0,0,0,0,0,0,0,0,0,0,0,0,0,0,0.00246,0,0,0,0,0.31271,0.00278,0,0,0,0,0.00015,0,0,0.00015,0,0,0,0.00024,0,15.87975,0,0.09815,0,0,1.84617,0.0048,0,0,0,0.00051,0.00078,6.23676,0,0.09392,0.01718,0.31027,0,0.02018,0,0,0,0.0002,0,0,0.0175,0.14718,0,0.0279,0,0.01619,0,0.00058,0.00026,0.00228,0,0
24,FRW3,FRW,0,0.12219,0,0,0.06111,2.87362,0.17673,0,0.18637,0,0,0,0,0,0,0,0,0,0,0,0,0,0,0,0,0,0,0,0,0,0,0,0.01666,0,0,0,0,0.29394,0.00262,0,0,0,0,0.00018,0,0.00023,0,0,0,0,0.00316,0,18.00963,0,0.04703,0,0,1.68364,0.00177,0,0.00026,0,0.00269,0.00027,5.91452,0,0.0226,0.00281,1.37993,0,0,0,0,0,0.00039,0,0,0.01251,0.09811,0.00025,0.01733,0,0.01934,0,0.00011,0.00057,0.00234,0,0
25,FRW4,FRW,0,0.16718,0,0,0.05822,3.98016,0.15748,0,0.34991,0,0,0,0,0.00463,0,0,0,0,0,0,0,0,0,0,0,0,0,0,0,0,0,0,0.00287,0,0,0.00011,0,0.30934,0.00254,0,0,0,0,0.00011,0,0,0,0,0,0,0.02615,0,16.65403,0,0.05141,0,0,1.50819,0.00559,0,0.00028,0,0.00127,0.00146,4.51792,0,0.09886,0.01588,0.46379,0,0.02888,0,0,0,0.00084,0,0,0.01015,0.16959,0,0.02771,0,0.01841,0,0,0.00037,0.00249,0,0
26,FRW 5,FRW,0,0.12511,0,0,0.05418,3.83156,0.24602,0,0.47876,0,0,0,0,0,0,0,0,0,0,0,0,0,0,0,0,0,0,0,0,0,0,0,0.00567,0,0,0.00011,0,0.35377,0.00237,0.01123,0,0,0,0,0,0,0,0,0,0,0.00036,0,18.86232,0,0.05967,0,0,2.27737,0.00353,0.00066,0.00035,0,0.00054,0.00136,4.17579,0,0.05063,0.01909,0.66922,0.03944,0,0.00066,0,0,0.00042,0,0,0.07429,0.08549,0.00022,0.03503,0,0.02106,0,0.001,0.00053,0.00273,0,0
27,FRW6,FRW,0,0.14682,0,0,0.07568,3.83732,0.16542,0,0.22164,0,0,0,0,0.00543,0,0,0,0,0,0,0,0,0,0,0,0,0,0,0,0,0,0,0.00561,0,0,0,0,0,0.00247,0,0,0,0,0,0,0,0,0,0,0.00017,0.00032,0,14.17158,0,0.06524,0,0,2.44139,0.00186,0,0,0,0.00303,0.00014,4.16181,0,0.489,0.01566,0.61859,0.09111,0.02718,0.00033,0,0,0,0,0,0.04208,0.10369,0.00023,0.01601,0,0.02699,0,0,0.00039,0.00265,0,0.00011
28,FRW8,FRW,0,0.14752,0,0,0.06225,3.7323,0.14993,0,0.38374,0,0,0,0,0.00516,0,0,0,0,0,0,0,0,0,0,0,0,0,0,0,0,0,0,0.01195,0,0,0,0,0,0.00179,0,0,0,0,0.00024,0,0,0,0,0,0.00013,0.00718,0,18.39626,0,0.05151,0,0,1.32421,0.00278,0,0,0,0,0.00111,2.99978,0,0.05202,0.01807,0.35035,0,0.02882,0,0,0,0.00133,0,0,0.01058,0.13113,0.00012,0.0235,0,0.01856,0,0,0.0006,0.00244,0,0
29,FRW9,FRW,0,0.08171,0,0,0.03008,3.26424,0.21314,0,0.27406,0,0,0,0,0.00638,0,0,0,0,0,0,0,0,0,0,0,0,0,0,0,0,0,0,0.00472,0,0,0,0,0.35577,0.00264,0,0,0,0,0.00018,0,0.00012,0,0,0,0,0.01725,0,18.21316,0,0.02902,0,0,2.23629,0.00279,0,0.0004,0,0.00231,0.00129,4.48126,0,0.07004,0.02154,0.40071,0.06356,0.01645,0.00056,0,0,0.00043,0,0,0.01761,0.07239,0,0.02156,0,0.01764,0,0.00029,0.00024,0.00162,0,0
30,FRW10,FRW,0,0.09238,0,0,0.03069,2.51781,0.20549,0,0.27715,0,0,0,0,0.00482,0,0,0,0,0,0,0,0,0,0,0,0,0,0,0,0,0,0,0.00413,0,0,0.0001,0,0.25997,0.00233,0,0,0,0,0.00017,0,0.0002,0.00023,0,0,0,0.03648,0,16.00977,0,0.02298,0,0,1.95104,0.0044,0,0.00036,0,0.00164,0.00245,3.84604,0,0.08043,0.0143,1.54647,0.00023,0,0.00037,0,0,0.00105,0,0,0.00953,0.06848,0,0.0081,0,0.01315,0,0.00044,0.00021,0.00159,0,0
31,FRW11,FRW,0,0.09731,0,0,0.02811,1.9124,0.14467,0,0.13513,0,0,0,0,0,0,0,0,0,0,0,0,0,0,0,0,0,0,0,0,0,0,0,0.00191,0,0,0,0,0.1944,0.00161,0,0,0,0,0.00017,0,0,0.00018,0,0,0,0.01108,0,11.06725,0,0.0229,0,0,1.25177,0.00231,0,0,0,0,0.00023,1.84419,0,0.06623,0.05025,0.36185,0,0,0.00088,0,0,0.00018,0,0,0.02538,0.07214,0.00018,0.01528,0,0.01042,0,0,0.00079,0.00106,0,0.00057
32,FRW12,FRW,0,0.12894,0,0,0.0674,3.08395,0.17078,0,0.53474,0,0,0,0,0,0,0,0,0,0,0,0,0,0,0,0,0,0,0,0,0,0,0,0.00504,0,0,0.00075,0,0.27629,0.0027,0,0,0,0,0.00016,0,0,0,0,0,0,0.00014,0,17.51448,0,0.07936,0,0,2.90108,0.00214,0,0,0,0.0009,0.00286,3.96982,0,0.02872,0.0053,0.35902,0.00013,0,0.00015,0,0,0.0005,0,0,0.01961,0.15349,0,0.01636,0,0.02145,0,0,0.00066,0.00226,0,0.0002
33,FRW13,FRW,0,0.10765,0,0,0.03559,2.95509,0.13919,0,0.5695,0,0,0,0,0,0,0,0,0,0,0,0,0,0,0,0,0,0,0,0,0,0,0,0.01769,0,0,0,0,0.2711,0.00252,0.00789,0,0,0.00011,0.00021,0,0,0.00033,0,0,0,0.0004,0,18.8395,0,0.03106,0,0,1.47631,0.00378,0,0,0,0.00257,0.00073,2.95971,0,0.04392,0.01599,0.46674,0,0.0146,0.00112,0,0,0.00031,0,0,0.04383,0.07333,0,0.01607,0,0.0245,0,0.00043,0.0003,0.00281,0,0.00036
34,MMP1,MMP,0,0.16311,0,0,0.11779,5.30415,0.25046,0,0.3167,0,0,0,0,0,0,0,0,0,0,0,0,0,0,0,0,0,0,0,0,0,0,0,0.00358,0,0,0,0,0,0.00408,0,0,0,0,0,0,0,0.00062,0,0,0.00027,0.00017,0,17.75271,0,0.08272,0,0,3.80708,0.0082,0,0,0,0.00065,0.00054,3.73536,0,0.35368,0.01517,1.15474,0.05434,0,0,0,0,0.00047,0,0,0.0129,0.14778,0.00046,0.04463,0,0.03154,0,0,0.00067,0.00441,0,0
35,MMP2,MMP,0,0.15838,0,0,0.04276,2.89747,0.12636,0,0.20627,0,0,0,0,0,0,0,0,0,0,0,0,0,0,0,0,0,0,0,0,0,0,0,0.00091,0,0,0.0001,0,0,0.00224,0,0,0,0,0,0,0,0.00019,0,0,0.00013,0.00028,0,15.48391,0,0.04425,0,0,1.50979,0.00475,0.00051,0,0,0.0005,0.00054,2.33339,0,0.07976,0.0126,1.02475,0,0,0,0,0,0.00021,0,0,0.02081,0.06223,0.00012,0.0277,0,0.01102,0,0,0.00033,0.00178,0,0
36,MMP3,MMP,0,0.15324,0,0,0.07841,4.1866,0.12439,0,0.14225,0,0,0,0,0.0057,0,0,0,0,0,0,0,0,0,0,0,0,0,0,0,0,0,0,0.00415,0,0,0.0001,0,0.08035,0.00287,0.00616,0,0,0,0,0,0,0,0,0,0,0.00022,0,14.92782,0,0.06527,0,0,2.39853,0.00471,0,0,0,0.0004,0.00036,2.61763,0,0.06997,0.01326,0.92618,0.05806,0.03088,0.00016,0,0,0.00148,0,0,0.00873,0.15602,0,0.03005,0,0.01294,0,0.00063,0.00052,0.00308,0,0.00013
37,MMP4,MMP,0,0.14149,0,0,0.12983,4.22418,0.16985,0,0.29328,0,0,0,0,0.0068,0,0,0,0,0,0,0,0,0,0,0,0,0,0,0,0,0,0,0.00979,0,0.00033,0,0,0.28043,0.00248,0,0,0,0,0,0,0.00035,0.00028,0.00041,0,0,0.00105,0,14.11325,0,0.04275,0,0.00011,1.74476,0.0037,0,0,0,0,0.00085,4.40764,0,0.04086,0.07339,0.45809,0.02294,0,0,0,0,0.00023,0,0,0.03774,0.13189,0.00153,0.02644,0,0.01536,0,0.00015,0.00165,0.00218,0,0
38,MMP5,MMP,0,0.17039,0,0,0.03027,2.3877,0.14317,0,0.20572,0,0,0,0,0,0,0,0,0,0,0,0,0,0,0,0,0,0,0,0,0,0,0,0.00981,0,0,0,0,0,0.00232,0,0,0,0,0.00028,0,0,0,0,0,0,0.00282,0,12.85164,0,0.04893,0,0,0.67516,0.0025,0,0,0,0,0.00059,3.9552,0,0.02582,0.01321,0.26272,0.00014,0.00448,0,0,0,0.00028,0,0,0.01628,0.08252,0.00014,0.01537,0,0.01898,0,0,0.00044,0.00162,0,0.00025
39,MMP7,MMP,0,0.15751,0,0,0.03939,3.26438,0.14556,0.00013,0.09685,0,0,0,0,0,0,0,0,0,0,0,0,0,0,0,0,0,0,0,0,0,0,0,0.00224,0,0,0,0,0.24789,0.00237,0.00436,0,0,0,0.00016,0,0.00044,0.00031,0,0,0,0.02435,0,10.79866,0,0.03882,0,0,1.97148,0.00444,0,0,0,0.00038,0.0001,1.86655,0,0.06955,0.0285,0.20264,0.08734,0.02557,0,0,0,0,0,0,0.01411,0.10032,0,0.01762,0,0.01178,0,0.00058,0.00029,0.00157,0,0
40,MMP8,MMP,0,0.18321,0,0,0.05383,3.51764,0.15261,0,0.13374,0,0,0,0,0.00574,0,0,0,0,0,0,0,0,0.00013,0,0,0,0,0,0,0,0,0,0.00281,0,0,0.00018,0,0.1893,0.00224,0,0,0,0,0,0,0,0,0,0,0,0.00012,0,13.072,0,0.03314,0,0,1.24664,0.00215,0,0,0.00011,0.00031,0.00013,2.34737,0,0.07652,0.01452,0.29893,0,0.02835,0.00085,0,0,0.00019,0,0,0.00418,0.08867,0,0.01057,0,0.01235,0,0,0.00039,0.00211,0,0
41,MMP9,MMP,0,0.16645,0,0,0.04322,2.85392,0.13189,0,0.22741,0,0,0,0,0,0,0,0,0,0,0,0,0,0,0,0,0,0,0,0,0,0,0,0.00064,0,0,0.00013,0,0,0.00224,0,0,0,0,0,0,0,0.00033,0,0,0,0.01236,0,11.66201,0,0.03726,0,0,1.70069,0.00203,0,0,0,0.00033,0.00036,4.04652,0,0.07752,0.02307,0.86829,0,0.01508,0,0,0,0.00025,0,0,0.00497,0.06012,0.00019,0.01769,0,0.0114,0,0.00024,0.00026,0.00164,0,0
42,MMP10,MMP,0,0.13842,0,0,0.05846,3.15991,0.19385,0,0.14424,0,0,0,0,0,0,0,0,0,0,0,0,0,0,0,0,0,0,0,0.00038,0,0,0,0.00341,0,0,0.00011,0,0,0.00186,0.00484,0,0,0,0.00011,0,0,0,0,0,0.00018,0.00022,0,15.80364,0,0.03392,0,0,2.57753,0.0034,0,0.00024,0,0.00045,0.00155,3.25156,0,0.10404,0.01203,0.98122,0.00013,0.00011,0.00027,0,0,0.00026,0,0,0.0064,0.06548,0.00018,0.00968,0,0.01828,0,0,0.00032,0.00195,0,0
43,MMP11,MMP,0,0.14301,0,0,0.04499,3.05108,0.13467,0,0.23301,0,0,0,0,0,0,0,0,0,0,0,0,0,0,0,0,0,0,0,0,0,0,0,0.00441,0,0,0,0,0.25722,0.00268,0,0,0,0,0,0,0,0,0,0,0,0.00401,0,16.5361,0,0.03636,0,0,1.56238,0.00259,0,0,0,0.00025,0.00045,3.55993,0,0.02548,0.00263,0.86263,0.03524,0.02741,0,0,0,0.00041,0,0,0.00608,0.07703,0.00021,0.01763,0,0.01524,0,0,0.00056,0.00203,0,0
44,MMP12,MMP,0,0.19954,0,0,0.09651,4.2593,0.17364,0,0.31382,0,0,0,0,0.00593,0,0,0,0,0,0,0,0,0,0,0,0,0,0,0,0,0,0,0.00228,0,0,0,0,0,0.00283,0,0,0,0,0.00016,0,0,0,0,0,0,0.03797,0,13.34103,0,0.05251,0,0,2.47492,0.00268,0,0,0.00011,0.00048,0.00051,3.75526,0,0.10667,0.00884,0.31173,0.00015,0,0,0,0,0.00024,0,0.00863,0.02102,0.1594,0.00024,0.0373,0,0.01783,0,0.0003,0.00072,0.00257,0,0.00043
45,MMP13,MMP,0,0.18979,0,0,0.08885,3.87679,0.15731,0,0.53458,0,0,0,0,0,0,0,0,0,0,0,0,0.00093,0,0,0,0,0,0,0,0,0,0,0.00193,0,0,0,0,0.23045,0.00249,0.00467,0,0,0.00624,0.00011,0,0.00045,0,0,0,0,0.00011,0,16.66589,0,0.05853,0,0,1.35996,0.00433,0,0,0,0.00052,0.00039,3.97171,0,0.01328,0.00828,0.53978,0,0.03165,0,0,0,0.00036,0,0,0.09517,0.14789,0.00035,0.03714,0,0.01667,0,0.00381,0.00116,0.00313,0,0.00011
46,MMP14,MMP,0,0.11887,0,0,0.03624,2.96417,0.22162,0,0.23891,0,0,0,0,0.00381,0,0,0,0,0,0,0,0,0,0,0,0,0,0,0,0,0,0,0.00216,0,0,0,0,0.20582,0.00225,0,0,0,0,0,0,0.00037,0.00015,0,0,0,0.00035,0,13.73371,0,0.02802,0,0,1.22933,0.00496,0,0,0,0.0014,0.00095,3.26466,0,0.08229,0.01553,0.23627,0,0.00017,0.00036,0,0,0.00101,0,0,0.01615,0.08312,0,0.02148,0,0.01467,0,0.00039,0.00019,0.00185,0,0
47,MMP15,MMP,0,0.10216,0,0,0.09731,4.08843,0.18116,0,0.82605,0,0,0,0,0.00401,0,0,0,0,0,0,0,0,0.00016,0,0,0,0,0,0,0,0,0,0.00554,0,0,0.00013,0,0.27915,0.00255,0,0,0,0,0,0,0,0.00057,0,0,0,0.00058,0,17.87981,0,0.06943,0,0,2.35287,0.00176,0,0,0,0.00048,0.00105,6.01873,0,0.10638,0.01756,1.21679,0,0.0127,0,0,0,0.00136,0,0,0.02712,0.18418,0.00012,0.0412,0,0.01731,0,0.001,0.00035,0.00348,0,0.0001
48,MMP16,MMP,0,0.12667,0,0,0.09424,3.3495,0.17261,0,0.33547,0,0,0,0,0.00606,0,0,0,0,0,0,0,0,0.00017,0,0,0,0,0,0,0,0,0,0.01485,0,0,0,0,0.22646,0.00276,0,0,0,0,0.0001,0,0,0,0,0,0,0.0022,0,15.06784,0,0.07661,0,0,3.59907,0.00306,0,0.00015,0,0.00044,0.00245,6.11419,0,0.56884,0.01432,0.31885,0.03961,0.01614,0.00056,0,0,0.00026,0,0,0.01034,0.17179,0.00048,0.01644,0,0.02121,0,0,0.00052,0.0031,0,0.00011
49,MMP17,MMP,0,0.09145,0,0,0.03801,3.03894,0.14103,0,0.484,0,0,0,0,0.00516,0,0,0,0,0,0,0,0,0.00015,0,0,0,0,0,0,0,0,0.00017,0.00296,0,0,0,0,0.20028,0.00204,0,0,0,0,0,0,0,0,0,0,0,0.00014,0,13.18905,0,0.0552,0,0,0.89382,0.00349,0,0,0,0.00032,0.00084,7.50546,0,0.03116,0.00576,0.94222,0.05787,0.01475,0.00079,0,0,0.00022,0.00728,0,0.00694,0.11003,0.00021,0.01976,0,0.01884,0,0.00029,0.00017,0.00166,0,0
50,MMP18,MMP,0,0.07909,0,0,0.03857,3.22998,0.11795,0,0.48954,0,0,0,0,0.00367,0,0,0,0,0,0,0.00017,0,0,0,0,0,0,0,0,0,0,0,0.0034,0,0,0,0,0.22543,0.00214,0.00946,0,0,0.0002,0.00012,0,0,0.00049,0,0,0,0.00029,0,17.23549,0,0.03686,0,0,1.06497,0.00356,0,0,0,0.00048,0.00132,5.34714,0,0.03376,0.0146,0.62156,0.02854,0.00558,0.00046,0,0,0.00038,0,0,0.04549,0.07532,0.00023,0.02008,0,0.02689,0,0.00034,0.00015,0.00234,0,0
51,MMP19,MMP,0,0.11306,0,0,0.10082,3.97081,0.15946,0,0.46172,0,0,0,0,0,0,0,0,0,0,0,0,0,0.00012,0,0,0,0,0,0,0,0,0,0.00378,0,0,0,0,0.15639,0.00227,0.00767,0,0,0,0.00012,0,0,0.00024,0,0,0.00011,0.00035,0,14.42386,0,0.09059,0,0,2.95145,0.0033,0,0,0,0.00125,0.00058,6.64824,0,0.07828,0.02017,0.3202,0,0.00638,0.00053,0,0,0.00102,0,0,0.0511,0.16399,0.0007,0.06397,0.00027,0.01658,0,0.00019,0.00048,0.00361,0,0.00023
52,MMP20,MMP,0,0.15438,0,0,0.07777,1.98839,0,0.00011,0.23749,0,0,0,0,0.00284,0,0,0,0,0,0,0,0,0,0,0,0,0,0,0,0,0,0,0.00232,0,0,0,0,0.17561,0.00191,0,0,0,0,0,0,0,0.00045,0,0,0,0.00047,0,11.68958,0,0.04628,0,0,2.70204,0.0039,0.00146,0,0,0,0.00034,4.39485,0,0.0305,0.03037,0.60175,0,0.00013,0,0,0,0.00044,0,0,0.0111,0.13098,0,0.02432,0,0.01604,0,0,0.00056,0.00285,0,0.00037
53,PNR1,PNR,0,0.17844,0,0,0.08042,2.24555,0.22758,0.00027,0.38425,0,0,0,0,0,0,0,0,0,0,0,0,0,0.00021,0,0,0,0,0,0,0,0,0,0.00281,0,0,0.00011,0,0,0.00212,0,0,0,0,0,0,0,0,0,0,0,0.0002,0,16.00058,0,0.08867,0,0,2.64908,0.0027,0,0.00018,0,0.00389,0.0008,7.59245,0,0.10582,0.00779,1.0325,0.02785,0.01362,0.00088,0,0,0.00029,0,0,0.01698,0.15965,0.00025,0.0355,0,0.01884,0,0.00062,0.00035,0.00256,0,0
54,PNR2,PNR,0,0.10661,0,0,0.00125,3.11232,0.12184,0,0.41362,0,0,0,0,0.00261,0,0.00037,0,0,0,0,0,0,0,0,0,0,0,0,0,0,0,0,0.01537,0,0,0,0,0.19104,0.00212,0.00694,0,0,0,0.00013,0,0,0.0003,0,0,0,0.00534,0,15.74395,0,0.04394,0,0,3.58408,0.00461,0.00124,0,0,0.00138,0.00048,8.58033,0,0.00849,0.00849,0.699,0.03532,0.00021,0,0,0,0.00048,0,0.00441,0.05778,0.13538,0.00022,0.02706,0,0.01306,0,0.00081,0.00056,0.00235,0,0
55,PNR3,PNR,0,0.09035,0,0,0.00082,3.4702,0.17362,0,0.154,0,0,0,0,0,0,0,0,0,0,0,0,0,0.00016,0,0,0,0,0,0,0,0,0,0.01612,0,0,0.00011,0,0.29593,0.00322,0,0,0,0,0.00022,0,0,0,0,0,0,0.00032,0,15.48151,0,0.05737,0,0,3.39471,0.0058,0,0,0,0.00041,0.00188,5.40806,0,0.10429,0.01034,0.91516,0,0,0.00064,0,0,0.00115,0,0,0.0191,0.10912,0.00045,0.03359,0,0.01872,0,0.00095,0.00024,0.00289,0,0.00011
56,CMB6,CMB,0,0.14162,0,0,0.04978,2.74268,0.21046,0.0002,0.51895,0,0,0,0,0.00205,0,0,0,0,0,0,0,0,0,0,0,0,0,0,0,0,0,0,0.00202,0,0,0.00014,0,0.24929,0.00287,0.01022,0,0,0.00014,0.00015,0,0,0.00037,0,0,0.00015,0.00747,0,20.02561,0,0.06654,0,0,3.20697,0.0047,0.00047,0,0.00015,0.00112,0.00078,7.32982,0,0.01239,0.01294,0.74233,0.0531,0.01459,0.00253,0,0,0.00048,0,0,0.08891,0.19284,0.0003,0.06925,0.00028,0.03179,0,0.00035,0.00105,0.00492,0,0.00046
57,CMB7,CMB,0,0.09152,0,0,0.0186,2.97226,0.15945,0.00017,0.61376,0,0,0,0,0.00394,0,0,0,0,0,0,0,0,0,0,0,0,0,0,0,0,0,0,0.01462,0,0,0,0,0.24553,0.00339,0,0,0,0.00015,0,0,0,0,0,0,0,0.01983,0,22.59146,0,0.05382,0,0,1.96331,0.01196,0.00011,0,0,0,0.00062,5.83382,0,0.04682,0.02286,0.45335,0.03135,0.01203,0.0004,0,0,0.00046,0,0,0.01156,0.14164,0.00031,0.03914,0,0.02067,0,0.00019,0.00018,0.00187,0,0
58,CMB8,CMB,0,0.0885,0,0,0.05644,2.57508,0.11266,0,0.38987,0,0,0,0,0.00014,0,0,0,0,0,0,0,0,0,0,0,0,0,0,0,0,0,0,0.00197,0,0,0,0,0,0.00242,0.00746,0,0,0,0.00013,0,0,0.00034,0,0,0,0.00032,0,20.65624,0,0.03813,0,0,2.17736,0.00376,0,0.00028,0,0.0002,0.00089,2.78405,0,0.04631,0.01347,0.30529,0,0.0143,0.00012,0,0,0.00043,0,0,0.00756,0.17167,0.00024,0.06616,0,0.02671,0,0.00027,0.00027,0.00277,0,0
59,CMB9,CMB,0,0.06449,0,0,0.04099,3.85958,0.12841,0,0.44693,0,0,0,0,0,0,0,0,0,0,0,0,0.00073,0,0,0,0,0,0,0,0,0,0,0.00103,0,0,0,0,0.2119,0.00194,0,0,0,0.00012,0.00012,0,0,0.0003,0,0,0,0.02229,0,12.46859,0,0.05746,0,0,2.0875,0.00489,0.00058,0.00031,0,0.00022,0.00103,10.29438,0,0.03028,0.0138,1.13539,0.01359,0,0.0006,0,0,0.00021,0,0,0.02714,0.13858,0.00019,0.06617,0,0.01821,0,0.00147,0.00022,0.00152,0,0
60,CMB10,CMB,0,0.07918,0,0,0.06366,2.08752,0.14323,0,0.37589,0,0,0,0,0,0.00941,0,0,0,0,0,0,0,0,0,0,0,0,0,0,0,0,0,0.00518,0,0,0,0,0.00018,0.00208,0.01008,0,0.00055,0.0004,0.00015,0,0,0.00028,0,0,0,0.01782,0,21.56673,0,0.03005,0,0,1.89982,0.00367,0,0.00029,0,0.00045,0.00068,6.25294,0,0.03964,0.01125,0.87991,0.04505,0.01929,0,0,0,0.0005,0,0,0.0057,0.12783,0,0.0649,0,0.02625,0,0.0001,0.00011,0.00238,0,0.00028
61,CMB11,CMB,0,0.09067,0,0,0.04269,2.96941,0.14508,0,0.3639,0,0,0,0,0.00696,0,0,0,0,0,0.00011,0,0.0007,0,0,0,0,0,0,0,0,0,0,0.00695,0,0,0,0,0.24114,0.00251,0.01039,0,0,0.00023,0.00015,0,0,0.00023,0,0,0,0.0224,0,20.9729,0,0.03335,0,0,1.99218,0.0063,0,0,0,0.00423,0.00064,6.85813,0,0.05027,0.01662,0.35147,0.04707,0.01385,0.00514,0,0,0.00031,0,0,0.00885,0.14575,0,0.07381,0,0.03832,0,0.00328,0,0.00219,0,0
62,RF13,RF,0,0.14424,0,0,0.10855,3.87784,0.12519,0.00011,1.18631,0,0,0,0,0,0,0,0,0,0,0,0,0,0,0,0,0,0,0,0,0,0,0,0.01535,0,0,0.00014,0,0.03162,0.00203,0,0,0,0,0,0,0,0.00034,0,0,0,0.01776,0,16.96917,0,0.12309,0,0,2.72086,0.00419,0.00097,0,0,0.00308,0.00089,7.81641,0,0.02913,0.01151,0.60961,0.07495,0.02264,0.00425,0,0,0.00025,0,0,0.04231,0.41038,0.00031,0.0929,0,0.03204,0,0.00045,0.00081,0.00758,0,0.00012
63,CMB13,CMB,0,0.10138,0,0,0.05192,2.045,0.17763,0,0.1873,0,0,0,0,0.00478,0,0,0,0,0,0,0,0.00093,0.00019,0,0,0,0,0,0,0,0,0,0.00357,0,0,0,0,0.29742,0.00287,0.00807,0,0,0.0002,0.00021,0,0,0.00028,0,0,0,0.00032,0,21.0618,0,0.0492,0,0,1.14595,0.00388,0,0,0,0.00038,0.00012,4.15936,0,0.04045,0.01604,0.72948,0,0.00656,0,0,0,0.00033,0,0,0.06436,0.15445,0.00017,0.07242,0,0.0289,0,0.00022,0.00012,0.00288,0,0
64,CMB14,CMB,0,0.1432,0,0,0.05318,2.57769,0.12364,0,0.27667,0,0,0,0,0.00477,0,0,0,0,0,0,0,0,0,0,0,0,0,0,0,0,0,0,0.00213,0,0,0,0,0.22537,0.002,0.00788,0,0,0.00033,0.00016,0,0,0.00011,0,0,0,0.01834,0,16.38145,0,0.04115,0,0,1.89262,0.00272,0,0,0,0.00468,0.00094,3.4287,0,0.03247,0.01364,0.7582,0,0.0087,0,0,0,0,0,0,0.05746,0.15271,0,0.07474,0,0.01855,0,0,0.00017,0.00288,0,0
65,CMB15,CMB,0,0.11813,0,0,0.02238,2.64687,0.1192,0,0.33188,0,0,0,0,0,0,0,0,0,0,0,0,0,0,0,0,0,0,0,0,0,0,0,0.00042,0,0,0,0,0,0.00189,0,0,0,0,0.00015,0,0,0,0,0,0,0.00809,0,9.44983,0,0.03341,0,0,2.31891,0.00731,0,0,0,0,0.00046,13.23661,0,0.01931,0.00652,1.51018,0.1148,0.02067,0.00349,0,0,0.0002,0,0,0.00999,0.20187,0,0.0977,0,0.02454,0,0,0.00029,0.00192,0,0.00024
66,CMB16,CMB,0,0.14718,0,0,0.07843,2.67634,0.22925,0,0.57915,0,0,0,0,0.00661,0,0,0,0,0,0,0,0,0,0,0,0,0,0,0,0,0,0,0.01097,0,0,0,0,0,0.00347,0,0,0,0.00013,0.00021,0,0,0.00033,0,0,0,0.00021,0,18.15332,0,0.0511,0,0,2.17234,0.00521,0,0,0,0.00045,0.00105,7.0683,0,0.04679,0.02621,2.41383,0.00012,0.02644,0.00103,0,0,0.00049,0,0,0.01166,0.18208,0.00019,0.10002,0,0.04303,0,0.00021,0.00026,0.00321,0,0.00015
67,CMB17,CMB,0,0.11717,0,0,0.08099,2.09372,0.09396,0.00011,0.35546,0,0,0,0,0.00224,0,0,0,0,0,0,0,0,0.00011,0,0,0,0,0.00405,0,0,0,0,0.0113,0,0,0,0,0.13651,0.00219,0,0,0,0,0.00016,0,0,0.00033,0,0,0,0.0006,0,11.95255,0,0.03863,0,0,1.29746,0.0046,0,0,0,0.00063,0.00134,9.74412,0,0.00771,0.01845,0.02623,0,0.01437,0.00046,0,0,0.00032,0,0,0.05154,0.16683,0.00014,0.10231,0,0.0153,0,0.00348,0.00055,0.00349,0,0.00023
68,CMB18,CMB,0,0.14314,0,0,0.05716,2.14533,0.1574,0,0.26548,0,0,0,0,0.0015,0,0,0,0,0,0,0,0,0,0,0,0,0,0,0,0,0,0,0.00302,0,0,0,0,0.16663,0.00217,0,0,0,0,0,0,0,0,0,0,0,0.00514,0,14.63891,0,0.04472,0,0.00015,1.85493,0.00501,0,0,0.00012,0,0.00117,6.6568,0,0.00844,0.02169,0.94664,0.04496,0.01926,0,0,0.00628,0.00039,0,0,0.01465,0.17512,0.00013,0.08811,0,0.02308,0,0,0.0006,0.003,0,0.00035
69,CMB19,CMB,0,0.15606,0,0,0.07881,2.81769,0.09934,0,0.45678,0,0,0,0,0,0,0,0,0,0,0,0,0,0,0,0,0,0,0,0,0,0,0,0.00206,0,0,0,0,0.1525,0.00259,0,0,0,0,0,0,0,0.00025,0,0,0,0.00027,0,9.2203,0,0.03565,0,0,2.49303,0.00191,0,0,0,0,0.00034,9.58248,0,0.03931,0.01337,0.52155,0,0.03344,0,0,0,0.00031,0,0,0.07476,0.24872,0.00022,0.15189,0,0.02858,0,0.00012,0.00042,0.00186,0,0
70,CMB20,CMB,0,0.11804,0,0,0.05628,1.82446,0.10634,0,0.3938,0,0,0,0,0.00475,0,0,0,0,0,0,0,0,0.00018,0,0,0,0,0,0,0,0,0,0.0048,0,0,0,0,0,0.00217,0,0,0,0,0,0,0,0.00042,0,0,0,0.00123,0,11.647,0,0.0403,0,0.00011,2.07587,0.00513,0,0,0,0.00019,0.00043,11.50956,0,0.03187,0.02479,0.81692,0.04942,0.01701,0,0,0,0.00035,0,0,0.04456,0.12476,0.00018,0.06313,0,0.0115,0,0.00015,0.00019,0.00246,0,0
71,CMB21,CMB,0,0.14092,0,0,0.12928,1.63265,0.12424,0.00012,0.37142,0,0,0,0,0,0,0,0,0,0,0,0,0,0,0,0,0,0,0,0,0,0,0,0.01323,0,0,0,0,0.12464,0.00207,0.00811,0,0,0.00022,0.0002,0,0,0.00022,0,0,0,0.01491,0,19.50977,0,0.03789,0,0,1.69668,0.00336,0,0.00029,0,0.00175,0.00038,4.13479,0,0.03251,0.0088,0.37198,0.02101,0.02989,0.00032,0,0,0.00021,0,0,0.04559,0.1562,0,0.08718,0,0.04157,0,0.00013,0.0004,0.00207,0,0.00034
72,CMB22,CMB,0,0.1335,0,0,0.03876,2.14109,0.23758,0.00014,0.38086,0,0,0,0,0.00029,0,0,0,0,0,0,0,0,0,0,0,0,0,0,0,0,0,0,0.00327,0,0,0.00013,0,0.24188,0.00234,0,0,0,0,0.00012,0,0,0.00033,0,0.0002,0,0.02254,0,17.20318,0,0.03337,0,0,1.23826,0.00526,0,0,0,0.00236,0.00294,4.16837,0,0.06482,0.01684,0.81331,0,0.01413,0,0,0,0.0004,0,0,0.00763,0.13354,0.00011,0.03313,0,0.02307,0,0,0.0004,0.00198,0,0.00012
73,CMB23,CMB,0,0.11317,0,0,0.04312,2.20691,0.19326,0,0.47724,0,0,0,0,0.00487,0.00852,0,0,0,0,0,0,0,0,0,0,0,0,0,0,0,0,0,0.00559,0,0,0,0,0.24417,0.00306,0.00875,0,0,0.00051,0.00013,0,0,0.00026,0,0,0,0.00031,0,19.23317,0,0.0472,0,0,1.92179,0.0053,0,0.00017,0,0.00039,0.00026,3.64436,0,0.04628,0.01704,0.70442,0,0.01618,0,0,0,0.00041,0,0,0.01233,0.13398,0.00036,0.06622,0,0.03025,0,0.00022,0.00013,0.00298,0,0
74,CMB24,CMB,0,0.07964,0,0,0,1.71123,0.1431,0,0.35669,0,0,0,0,0.00603,0,0,0,0,0,0,0,0,0,0,0,0,0,0,0,0,0,0,0.00236,0,0,0,0,0.19269,0.00249,0.00658,0,0,0,0,0,0,0.00022,0,0,0,0.01913,0,19.86069,0,0.0267,0,0,2.42948,0.00607,0,0,0,0,0.0008,5.812,0,0.03762,0.00836,0.45667,0,0.01018,0.0004,0,0,0.00048,0,0,0.03189,0.11025,0.00019,0.0436,0,0.01764,0,0,0.00032,0.00191,0,0
75,CMB26,CMB,0,0.12241,0,0,0.04587,1.66894,0.00256,0,0.47854,0,0,0,0,0,0.01086,0,0,0,0,0,0,0,0,0,0,0,0,0,0,0,0,0,0.00411,0,0,0,0,0.19238,0.00248,0.00791,0,0,0.00013,0.00019,0,0,0,0,0,0,0.00033,0,16.19209,0,0.0371,0,0,2.10063,0.00499,0,0,0,0.00564,0.00011,6.55483,0,0.05215,0.02033,0.37473,0,0.00785,0.00104,0,0,0.00033,0,0,0.06264,0.15279,0.00013,0.08823,0,0.02428,0,0,0.00034,0.00329,0,0.00021
76,CMB27,CMB,0,0.09559,0,0,0.07217,2.7087,0.22962,0.00016,0.36772,0,0,0,0,0.003,0,0,0,0,0,0,0,0,0,0,0,0,0,0,0,0,0,0,0.00078,0,0,0,0,0.23952,0.00301,0,0,0,0,0.00011,0,0,0.00033,0,0,0,0.00397,0,17.29765,0,0.03322,0,0,1.04578,0.00368,0,0,0,0,0.00106,3.37949,0,0.02337,0.02523,1.09321,0.0322,0.01164,0.00176,0,0,0.00032,0,0,0.0499,0.13294,0.00012,0.06,0,0.0172,0,0.00185,0.00072,0.00194,0,0
77,CMB28,CMB,0,0.10934,0,0,0.10829,1.66634,0.12866,0,0.33319,0,0,0,0,0,0,0,0,0,0,0,0,0,0,0,0,0,0,0,0,0,0,0,0.00324,0,0,0.00043,0,0.0222,0.00287,0.00888,0,0,0.00023,0.00013,0,0,0.00029,0,0,0,0.01905,0,17.92957,0,0.05064,0,0,2.62738,0.01016,0,0,0,0.00046,0.00171,5.31957,0,0.02886,0.0198,0.0145,0,0.01884,0.00027,0,0,0.00034,0,0,0.01103,0.1815,0,0.06785,0,0.04115,0,0.00012,0.00016,0.00329,0,0.00034
78,SLG1,SLG,0,0.14276,0,0,0.0015,4.01283,0.14245,0,0.69211,0,0,0,0,0,0,0,0,0,0,0,0,0,0.00073,0,0,0,0,0,0,0,0,0,0.00535,0,0,0,0,0,0.00248,0.00968,0,0,0,0,0,0,0.00018,0,0,0,0.0004,0,16.14067,0,0.0749,0,0,2.51938,0.00439,0.00015,0,0,0.00046,0.00024,7.09967,0,0.04189,0.01162,0.61834,0.02682,0.01107,0,0,0,0.00032,0,0,0.09066,0.20073,0,0.06763,0,0.02929,0,0.00055,0.00033,0.00355,0,0
79,SLG2,SLG,0,0.12564,0,0,0.06065,2.60933,0.14634,0,0.37977,0,0,0,0,0.00459,0,0,0,0,0,0,0,0,0.00036,0,0,0,0,0,0,0,0,0,0.01411,0,0,0.00015,0,0.21801,0.0023,0,0,0,0.00019,0.00018,0,0,0.00033,0,0,0,0.00189,0,16.06959,0,0.04987,0,0,2.12676,0.00374,0.0001,0,0,0.00028,0.00093,3.33037,0,0.03515,0.01322,0.58054,0.03507,0.0166,0,0,0,0.0003,0,0,0.07131,0.11431,0.00037,0.03237,0,0.04902,0,0.00036,0.00013,0.00221,0,0
80,SLG3,SLG,0,0.1507,0,0,0.10327,6.01278,0.11406,0,0.58839,0,0,0,0,0.00431,0,0,0,0,0,0,0,0,0,0,0,0,0,0,0,0,0,0,0.00426,0,0,0,0,0.22053,0.00217,0,0,0,0.00014,0,0,0,0.00022,0,0,0,0.01667,0,13.9989,0,0.14049,0,0,3.20908,0.00519,0.00051,0,0,0.00032,0.00024,5.40718,0,0.03406,0.01444,0.73999,0.00014,0.01319,0,0,0,0.00034,0,0,0.16512,0.32337,0.00116,0.08439,0,0.04234,0,0.00114,0.00074,0.00586,0,0.00067
81,SLG4,SLG,0,0.12162,0,0,0.06101,3.50994,0.12169,0,0.59709,0,0,0,0,0.00052,0,0,0,0,0,0,0,0,0.00015,0,0,0,0,0,0,0,0,0,0.00341,0.009,0,0,0,0.19547,0.00238,0.00671,0,0,0.00012,0,0,0,0,0,0,0,0.01809,0,16.49111,0,0.08563,0,0,1.7362,0.00427,0,0,0,0.00139,0.00051,6.92269,0,0.02944,0.01176,0.49298,0.03146,0,0.003,0,0,0.00027,0,0,0.13071,0.17702,0.00047,0.06638,0,0.0253,0.00012,0.00017,0.00053,0.00252,0,0
82,SLG5,SLG,0,0.12917,0,0,0.07988,4.75267,0.14433,0,0.85317,0,0,0,0,0.00062,0,0,0,0,0,0,0,0.00046,0.00021,0,0,0,0,0,0,0,0,0,0.004,0,0,0,0,0.14816,0.00261,0,0,0,0.0001,0.00014,0,0,0.0003,0,0,0.00029,0.00331,0,18.80588,0,0.10474,0,0.00023,2.07424,0.00632,0.00014,0.00018,0,0,0.00042,6.58474,0,0.05097,0.00933,0.30702,0,0.01164,0.00116,0,0,0.00035,0,0,0.14211,0.2424,0.00068,0.07075,0,0.03514,0,0,0.00148,0.00425,0,0.00012
83,SLG6,SLG,0,0.1302,0,0,0.04699,3.05795,0,0,0.33503,0,0,0,0,0,0,0,0,0,0,0,0,0,0,0,0,0,0,0,0,0,0,0,0.00339,0,0,0,0,0.19337,0.00199,0,0,0,0.00031,0,0,0,0.00036,0,0,0.00325,0.0005,0,14.75975,0,0.04665,0,0,2.13027,0.005,0.00015,0.0003,0,0.0004,0.00086,5.63206,0,0.04842,0.0206,0.33011,0.04812,0.01514,0.00066,0,0,0.00059,0,0,0.08277,0.15451,0,0.026,0,0.02623,0,0.00051,0.00039,0.00318,0,0
84,SLG8,SLG,0,0.15057,0,0,0.08725,2.87184,0.17968,0,0.60892,0,0,0,0,0.00457,0,0,0,0,0,0,0,0,0.00016,0,0,0,0,0,0,0,0,0,0.01289,0,0,0.00013,0,0,0.00293,0,0,0,0,0,0,0,0.00048,0,0,0.00015,0.00047,0,15.29525,0,0.08139,0,0,2.62759,0.00265,0,0.00013,0,0.00417,0.00071,5.93124,0,0.69219,0.01565,1.27413,0,0.00825,0,0,0,0.00033,0,0,0.00959,0.16364,0.00037,0.0397,0,0.0207,0,0.00021,0.00044,0.00297,0,0.00044
85,SLG10,SLG,0,0.19379,0,0,0.10225,4.42987,0.27141,0.00015,0.14276,0,0,0,0,0.00013,0,0,0,0,0,0,0,0,0.0002,0,0,0,0,0,0,0,0,0,0.00484,0,0,0,0,0.37572,0.00349,0,0,0,0,0,0,0,0,0,0.00035,0,0.00031,0,18.87322,0,0.08567,0,0,1.81751,0.00277,0.00011,0.00063,0,0.00051,0.00018,5.68829,0,0.13554,0.01497,0.52989,0,0.03265,0.00074,0,0,0.00186,0,0,0.0149,0.17415,0.00013,0.02721,0,0.02244,0,0.00148,0.0005,0.00303,0,0.00013
86,SLG13,SLG,0,0.11431,0,0,0.06277,2.4963,0.19925,0,0.49274,0,0,0,0,0.00648,0,0,0,0,0,0,0,0,0,0,0,0,0,0,0,0,0,0,0.00378,0,0,0,0,0.28994,0.00309,0,0,0,0,0.00011,0,0,0,0,0,0,0.0273,0,17.93066,0,0.06351,0,0,2.4873,0.00656,0.0008,0.00029,0,0.00243,0.00068,6.1943,0,0.10402,0.04353,2.06038,0.04416,0.00786,0.00076,0,0,0.00127,0,0.00675,0.00998,0.10778,0.00026,0.03328,0,0.01412,0,0.00039,0.00033,0.00168,0,0
87,SLG14,SLG,0,0.10225,0,0,0.08113,3.36148,0.24107,0,0.45644,0,0,0,0,0.00069,0,0,0,0,0,0,0,0,0.00025,0,0,0,0,0,0,0,0,0,0.01433,0,0,0.00011,0,0.27525,0.00267,0.01039,0,0,0.0002,0,0,0,0.0004,0,0,0,0.00034,0,18.98699,0,0.08127,0,0,2.73294,0.00495,0,0,0,0.00044,0.00217,4.76705,0,0.04459,0.01644,1.06057,0.04334,0.00828,0.00147,0,0,0.00027,0,0,0.08044,0.13272,0.00042,0.0428,0,0.02653,0.00011,0.00066,0.00039,0.00405,0,0.00019
88,SLG16,SLG,0,0.07305,0,0,0.03356,2.24352,0.24242,0.00015,0.33484,0,0,0,0,0.0076,0,0,0,0,0,0,0,0,0.0001,0,0,0,0,0,0,0,0,0,0.02498,0,0,0,0,0.36044,0.00348,0,0,0,0.00019,0.0002,0,0,0.00018,0,0,0,0.00033,0,21.66539,0,0.03854,0,0,1.12637,0.00582,0,0,0,0.0007,0.00285,3.66727,0,0.14933,0.01358,0.85504,0.00022,0.01049,0,0,0,0.0015,0,0.00412,0.03115,0.05937,0.00045,0.01187,0,0.01664,0,0.00035,0.00024,0.00189,0,0
89,SLG18,SLG,0,0.15359,0,0,0.05014,2.60286,0.10732,0,0.18579,0,0,0,0,0.00045,0,0,0,0,0,0,0,0,0.00011,0,0,0,0,0,0,0,0,0,0.00992,0,0,0,0,0.1909,0.00257,0,0,0,0.00017,0.0001,0,0,0.00069,0,0,0,0.02354,0,12.8216,0,0.0464,0,0,1.33278,0.00492,0,0.0003,0,0.0003,0.00071,3.77373,0,0.0322,0.01378,0.52319,0,0.01952,0,0,0,0.00045,0,0,0.00254,0.09626,0.00028,0.02651,0,0.02172,0,0,0.00025,0.00345,0,0
90,SLG15,SLG,0,0.08913,0,0,0.07101,3.1796,0.21424,0,0.23724,0,0,0,0,0.00607,0,0,0,0,0,0,0,0,0,0,0.00019,0,0,0,0,0,0,0,0.00554,0,0,0.00018,0,0,0.00321,0.0114,0,0,0,0.00022,0,0,0.00029,0,0,0,0.01279,0,19.9498,0,0.05331,0,0,3.10823,0.00272,0,0,0,0.00214,0.00247,5.801,0,0.10449,0.01342,0.77269,0.05905,0,0.00049,0,0,0.00116,0,0,0.01322,0.12862,0,0.02782,0,0.02002,0,0,0.00031,0.00256,0,0
91,SLG20,SLG,0,0.16936,0,0,0.04604,2.92023,0.18338,0.00014,0.08767,0,0,0,0,0,0,0,0,0,0,0,0,0,0.00012,0,0,0,0,0,0,0,0,0,0.00096,0,0,0,0,0,0.00315,0.00949,0,0,0,0,0,0,0.00024,0,0,0,0.00086,0,16.31361,0,0.03957,0,0,2.15069,0.00285,0.0002,0,0,0.00048,0.00127,2.61479,0,0.31557,0.01489,0.64,0.12535,0,0,0,0,0.00068,0,0,0.00736,0.09462,0.00013,0.02918,0,0.01513,0,0,0.00028,0.00181,0,0
92,SLG23,SLG,0,0.10063,0,0,0.04648,1.83098,0.22204,0,0.40299,0,0,0,0,0.00202,0,0,0,0,0,0,0,0,0,0,0,0,0,0,0,0,0,0,0.00372,0,0,0.00028,0,0.23737,0.00299,0,0,0,0.0001,0.00017,0,0,0,0,0,0.00049,0.01432,0,19.32559,0,0.0401,0,0,2.17639,0.00241,0,0,0.00015,0.00127,0.00172,6.02274,0,0.02923,0.01666,1.22737,0.0644,0.01272,0.00018,0,0,0.00036,0,0.00471,0.0398,0.13133,0,0.01942,0,0.0136,0,0,0.00091,0.00107,0,0.0001
93,LFS1,LFS,0,0.19964,0,0,0.07789,3.77357,0.1398,0,0.55741,0,0,0,0,0.00604,0,0,0,0,0,0,0,0,0,0,0,0,0,0,0,0,0,0,0.00308,0,0,0.00013,0,0.25898,0.00226,0.0088,0,0,0.00015,0.00012,0,0,0.00029,0,0,0,0.00046,0,18.29516,0,0.08013,0,0,2.48606,0.00339,0.00012,0.0003,0,0.00409,0.00055,5.22652,0,0.03511,0.01229,0.61215,0.10031,0,0.00094,0,0,0.00035,0,0,0.01777,0.18592,0.00044,0.06772,0,0.02496,0,0.00057,0.00045,0.00393,0,0
94,LFS2,LFS,0,0.15924,0,0,0.03915,2.07401,0.20892,0,0.40286,0,0,0,0,0.00702,0,0,0,0,0,0,0,0.00776,0.00018,0,0,0.00019,0,0,0,0,0,0,0.00548,0,0,0,0,0.24396,0.00325,0.00733,0,0,0,0.00015,0,0.00021,0.00027,0,0,0,0.00087,0,25.89505,0,0.05166,0,0,2.75352,0.00529,0,0.00013,0,0.002,0.00259,5.31183,0,0.05088,0.01271,1.33333,0.03481,0.00963,0.00145,0,0,0.00037,0,0,0.08244,0.1613,0.00024,0.05524,0,0.02457,0,0.00035,0.00074,0.00301,0,0
95,LFS3,LFS,0,0.1224,0,0,0.05561,3.84745,0.11421,0.0001,0.6647,0,0,0,0,0.00731,0,0,0,0,0,0,0,0,0.00016,0,0,0,0,0,0,0,0,0,0.0173,0,0,0.00015,0,0.35658,0.00346,0,0,0,0,0.00019,0,0.00034,0.00031,0,0,0,0.00014,0,21.35744,0,0.07271,0,0,3.38221,0.00549,0.00022,0,0,0.00054,0.00113,4.40354,0,0.05297,0.01631,0.71828,0.05781,0.0139,0,0,0,0.00042,0.00914,0,0.11934,0.18754,0.00058,0.06939,0,0.03016,0,0.00055,0.00046,0.00476,0,0
96,LFS4,LFS,0,0.08842,0,0,0.11966,2.59337,0.18783,0,0.16158,0,0,0,0,0.00643,0,0,0,0,0,0,0,0.00042,0,0,0,0,0,0,0,0,0,0,0.00504,0,0,0,0,0.18943,0.00277,0.00677,0,0,0.00013,0,0,0.00019,0.00024,0,0,0,0.00251,0,22.99957,0,0.05972,0,0,2.47776,0.00363,0.00011,0.00014,0,0.00045,0.00083,4.74687,0,0.04517,0.01138,0.73789,0,0.01036,0.00178,0,0,0.00029,0,0,0.09781,0.17281,0.00036,0.0473,0,0.02445,0,0.00028,0.00035,0.00241,0,0
97,LFS5,LFS,0,0.10252,0,0,0.1515,3.56275,0.19376,0.00015,0.54293,0,0,0,0,0.00025,0,0,0,0,0,0,0,0.00037,0,0,0,0,0,0,0,0,0.00032,0,0.00372,0,0,0,0,0.19894,0.00257,0.00713,0,0,0,0,0,0,0.00036,0,0,0,0.00406,0,17.04811,0,0.11201,0,0,4.42346,0.00457,0.00014,0,0,0,0.0058,3.99997,0,0.00911,0.00289,0.84251,0,0.00295,0.06079,0,0,0.00039,0,0,0.03188,0.36884,0.00035,0.07951,0,0.03784,0,0.00586,0.00197,0.00634,0,0.00028
98,LFS6,LFS,0,0.08404,0,0,0.01846,4.06015,0.2126,0.00015,0.27038,0,0,0,0,0.00447,0,0,0,0,0,0,0,0,0.00014,0,0,0,0,0,0,0,0,0,0.00093,0,0,0,0,0.32015,0.00271,0,0,0,0,0.00019,0,0,0.00012,0,0,0,0.01792,0,21.31138,0,0.06546,0,0,2.97052,0.00743,0.00017,0,0.00011,0.00267,0.0008,4.80422,0,0.04349,0.05375,1.6423,0,0.00051,0.00015,0,0,0.00017,0,0,0.02716,0.14456,0.00108,0.02755,0,0.0208,0,0.00015,0.00154,0.00276,0,0.0002
99,LFS7,LFS,0,0.10037,0,0,0.1325,3.43847,0.12932,0,0.97049,0,0,0,0,0.00018,0,0,0,0,0,0,0,0.0004,0,0,0,0,0,0,0,0,0,0,0.0051,0,0,0.00013,0,0.19926,0.00322,0.0045,0,0,0.00046,0.00022,0,0.00028,0.00013,0,0,0,0.0178,0,22.27223,0,0.08901,0,0,7.69991,0.01133,0.0003,0,0,0,0.00664,5.84257,0,0.0393,0.03411,1.17659,0.03573,0.01365,0.00098,0,0,0.00039,0,0,0.14935,0.28453,0.00019,0.11323,0,0.04658,0,0.00048,0.00096,0.00462,0,0
100,LFS8,LFS,0,0.05732,0,0,0.00093,2.39964,0.13676,0,0.33425,0,0,0,0,0.00522,0.0108,0,0,0,0,0,0,0.00048,0.00025,0,0,0,0,0,0,0,0,0,0.02035,0,0,0,0,0.34719,0.00345,0.01313,0,0,0.00012,0.00021,0,0.0002,0.00014,0,0,0,0.02703,0,28.43085,0,0.06104,0,0,5.22887,0.00517,0.0007,0.00025,0,0.0046,0.00275,4.00203,0,0.05262,0.01861,1.56426,0.03694,0.00641,0.00092,0,0,0.00032,0,0,0.08182,0.15764,0.00036,0.02872,0,0.02622,0,0.00031,0.00066,0.00372,0,0
101,LFS9,LFS,0,0.07344,0,0,0.00818,2.97511,0.13036,0.0001,0.59682,0,0,0,0,0.00534,0,0,0,0,0,0,0,0.00072,0.00012,0,0,0,0,0,0,0,0,0,0.00751,0,0,0,0,0.31714,0.00338,0.00732,0,0,0.00013,0.00028,0,0,0,0,0,0,0,0,19.09306,0.0027,0.04263,0,0,2.79567,0.00506,0,0.00025,0,0.00034,0.0066,8.17624,0,0.04887,0.03107,0.78157,0.00011,0.00719,0.00431,0,0,0.00032,0,0,0.06433,0.11045,0.00025,0.03055,0,0.01839,0,0.003,0.00031,0.0029,0,0.00018
102,LFS11,LFS,0,0.05146,0.00025,0,0.04036,2.41551,0.11787,0.00014,0.33482,0,0,0,0,0.00714,0,0,0,0,0,0,0.0002,0,0,0,0,0,0,0,0,0,0,0,0.00435,0,0,0.00012,0,0.17501,0.00305,0,0,0,0,0.00023,0,0.0002,0,0,0,0.00173,0.02548,0,21.42167,0,0.0504,0,0,3.5583,0.00529,0.00013,0,0,0.00372,0.00688,7.07294,0,0.05106,0.01229,0.64336,0.03559,0.00737,0.00389,0,0,0.00028,0,0,0.013,0.12171,0,0.01847,0,0.0169,0,0.00014,0.00043,0.00159,0,0
103,LFS12,LFS,0,0.0671,0,0,0.05163,2.73888,0.15235,0,0.50293,0,0,0,0,0.00711,0,0,0,0,0,0,0,0.00045,0,0,0,0,0,0,0,0,0,0,0.01679,0,0,0.00012,0,0.22593,0.00368,0,0,0,0,0.00011,0,0.00019,0,0,0.00021,0,0.01871,0,23.09561,0,0.04974,0,0,1.97243,0.00381,0.0008,0.00011,0,0.00321,0.00073,8.05856,0.00041,0.04796,0.00767,0.45607,0.029,0.00936,0.00053,0,0,0.00116,0,0,0.05664,0.20601,0,0.03432,0,0.02824,0,0.00021,0.00037,0.00289,0,0
104,LFS13,LFS,0,0.10565,0,0,0.10097,2.59887,0.13345,0,0.60588,0,0,0,0,0.00786,0,0,0,0,0,0,0,0,0,0,0,0,0,0,0,0,0,0,0.01393,0,0,0,0,0.29996,0.00339,0.01215,0,0,0.00038,0,0,0.00033,0.00049,0,0,0,0.00168,0,23.44126,0,0.06716,0,0,2.75114,0.00727,0.00018,0,0,0.00052,0.00453,4.70048,0,0.06448,0.0211,0.86181,0.00011,0.01022,0.00129,0,0,0.00046,0,0,0.09111,0.16327,0.00038,0.04236,0,0.01998,0,0.00051,0.00068,0.00338,0,0
105,LFS14,LFS,0,0.08457,0,0,0.10878,2.63522,0.15832,0,0.69556,0,0,0,0,0.00625,0,0,0.00043,0,0,0,0.00022,0,0,0,0,0,0,0,0,0,0,0.00013,0.00116,0,0.00062,0,0,0.13508,0.00277,0,0,0,0.00339,0,0,0,0,0,0,0.00018,0.01034,0,19.4931,0,0.05195,0,0,3.28579,0.00247,0,0,0,0.00094,0.00023,6.86793,0,0.05755,0.03679,0.34889,0.03453,0.00693,0.00301,0,0,0.00038,0,0.00447,0.00377,0.1104,0,0.06223,0,0.02502,0,0.00056,0.00026,0.00206,0,0
106,LFS15,LFS,0,0.06766,0.00018,0,0.04449,2.58134,0.12638,0,0.53911,0,0,0,0,0.00262,0,0,0,0,0,0,0,0,0,0,0.03611,0,0,0,0,0,0,0,0.0004,0,0,0,0,0,0.00307,0,0,0,0,0.00012,0,0,0.00015,0.00019,0,0,0.01204,0,19.13507,0,0.02358,0,0.00029,2.43323,0.00904,0.00172,0,0,0.00183,0.00089,10.47542,0,0.09118,0.04998,0.02925,0.00015,0.01234,0.0187,0,0,0,0,0,0.01732,0.05249,0,0.03134,0,0.02922,0,0,0.00047,0.00241,0,0
107,SGC1,SGC,0,0.12232,0,0,0.08013,3.75187,0.26986,0,0.71635,0,0,0,0,0.00511,0,0,0,0,0,0,0,0,0.00012,0,0,0,0,0,0,0,0,0,0.01707,0,0,0.00014,0,0.34945,0.00319,0.00868,0,0,0.0001,0.0002,0,0,0.00027,0,0,0,0.00203,0,25.64674,0,0.08078,0,0,1.72061,0.00537,0.00264,0,0,0.00163,0.00099,5.56527,0,0.04762,0.01246,1.17566,0.06143,0.02552,0.00099,0,0,0.00018,0,0,0.11351,0.17263,0.00032,0.03911,0,0.04207,0,0.00018,0.00048,0.00329,0,0
108,SGC2,SGC,0,0.16115,0,0,0.07979,5.81821,0.12115,0.00011,0.55956,0,0,0,0,0.00725,0.00767,0,0,0,0,0,0,0,0.00018,0,0,0,0,0,0,0,0,0,0.02446,0,0,0.00021,0,0.29575,0.00327,0,0,0,0.0001,0.00015,0,0.00044,0.00016,0,0,0,0.00033,0,21.43397,0,0.12496,0,0,2.53064,0.0064,0.00025,0,0,0.00042,0.00063,5.62741,0,0.05945,0.01468,1.76243,0.04313,0.01491,0,0,0,0.00015,0.00877,0,0.20896,0.30727,0.00025,0.07486,0,0.03352,0,0.00104,0.00075,0.0068,0,0.00065
109,SGC3,SGC,0.00042,0.20534,0,0,0.15683,5.62281,0.17175,0.00026,0.28487,0,0,0,0,0,0,0,0,0,0,0,0,0,0,0,0,0,0,0,0,0,0,0,0.00303,0,0,0,0,0,0.00283,0,0,0,0,0.00011,0,0.00054,0,0,0,0.00012,0.00091,0,14.87787,0,0.13077,0,0,3.4365,0.00265,0.00018,0,0,0.00043,0.00169,5.81192,0,0.10623,0.01424,0.70469,0.00016,0.01638,0.00076,0,0,0.00032,0,0,0.02574,0.37237,0.00097,0.09837,0,0.03552,0,0,0.00115,0.00539,0,0.00014
110,SGC4,SGC,0,0.11982,0,0,0.15474,6.62847,0.233,0,0.31188,0,0,0,0,0.00012,0,0,0,0,0,0,0,0,0.00014,0,0,0,0,0,0,0.00011,0,0,0.00403,0,0,0.00025,0,0,0.00365,0,0,0,0,0,0,0.00032,0,0,0,0,0.00027,0,18.54319,0,0.14365,0,0,3.26828,0.00344,0.00017,0,0,0.00053,0.00219,6.22256,0,0.11216,0.00406,0.47862,0.1555,0.01655,0,0,0,0.00045,0,0,0.01526,0.31514,0.00024,0.06423,0,0.03002,0,0.00125,0.00097,0.0062,0,0
111,SGC5,SGC,0,0.10971,0,0,0,3.15981,0.21034,0.00017,0.53454,0,0,0,0,0.00584,0,0,0,0,0,0,0,0,0,0,0,0,0,0,0,0,0,0,0.00263,0,0,0,0,0.3062,0.0028,0,0,0,0,0.00019,0,0,0.00025,0,0,0,0.00188,0,16.92146,0,0.09428,0,0,1.37702,0.00321,0.0002,0,0,0.0001,0.0005,4.36907,0,0.07332,0.02473,0.48341,0,0,0,0,0,0.00021,0,0,0.00579,0.12265,0.00023,0.03949,0,0.02289,0,0,0.00138,0.0028,0,0.00011
112,SGC6,SGC,0,0.12358,0,0,0,11.32622,0,0,4.49658,0,0,0,0,0,0,0,0,0,0,0,0,0,0,0,0,0,0,0,0,0,0,0,0,0,0,0,0,0,0.00033,0,0,0,0,0,0,0,0,0,0,0,0,0,0.1343,0,0.00583,0,0,0.00598,0,0,0,0,0,0,8.32088,0,0,0,0,0,0,0,0,0,0,0,0,0,0.0039,0,0,0,0.00111,0,0,0,0,0,0
113,SGC7,SGC,0,0.1231,0,0,0.10231,4.42862,0.26878,0,0.26216,0,0,0,0,0.00016,0,0,0,0,0,0,0,0,0.00014,0,0,0,0,0,0,0,0,0,0.00463,0,0,0.00025,0,0,0.00406,0,0,0,0,0.00036,0,0,0,0,0,0.00028,0.00029,0,24.22166,0,0.09798,0,0,2.50025,0.00294,0.00125,0,0,0.00067,0.00053,4.31176,0,0.14296,0.01175,1.41316,0.10938,0.01486,0,0,0,0,0,0,0.03117,0.25855,0.00044,0.04448,0,0.03252,0,0.00048,0.00067,0.00406,0,0
114,SGC8,SGC,0,0.20902,0,0,0.14297,3.26421,0.13796,0,0.5286,0,0,0,0,0,0,0,0,0,0,0,0.0002,0,0,0,0,0,0,0,0,0,0,0,0.01598,0,0,0,0,0.22086,0.00351,0,0,0,0,0.00026,0,0.00062,0,0,0,0,0.01805,0,16.29015,0,0.11614,0,0,6.23212,0.00427,0.00017,0,0,0.00034,0.00017,4.83171,0,0.0688,0.01557,0.38263,0.03172,0.01767,0,0,0,0.00174,0,0,0.00916,0.32884,0.00013,0.06991,0,0.04005,0,0.00123,0.00124,0.00605,0,0.0003
115,SGC9,SGC,0,0.15534,0,0,0.07287,3.97073,0.23282,0,0.20898,0,0,0,0,0,0,0,0,0,0,0,0,0,0,0,0,0,0,0,0,0,0,0,0.00457,0,0,0,0,0,0.00365,0,0,0,0,0.00038,0,0.00025,0.00025,0,0,0,0.00031,0,23.47474,0,0.07708,0,0,3.94348,0.00346,0.00014,0,0,0.00329,0.00233,3.22552,0,0.1493,0.01768,0.44564,0.12675,0.0143,0.00242,0,0,0.00098,0,0,0.03298,0.11443,0.00014,0.01299,0,0.0259,0,0.00022,0.00058,0.0032,0,0.00018
116,SGC10,SGC,0,0.11678,0,0,0.106,2.22397,0.23445,0,0.51203,0,0,0,0,0,0,0,0,0,0,0,0,0,0.0002,0,0,0,0,0,0,0,0,0,0.00097,0,0,0,0,0.23747,0.00312,0,0,0,0,0.00015,0,0,0.0004,0,0,0,0.0013,0,23.02283,0,0.06354,0,0,2.64522,0.00491,0,0,0,0.00038,0.00117,3.57033,0,0.05478,0.06995,0.79114,0.00015,0.01539,0,0,0,0.00055,0,0,0.06568,0.16926,0.00036,0.02097,0,0.02884,0,0.0004,0.00129,0.00242,0,0
117,SGC11,SGC,0,0.16449,0,0,0.07689,4.26787,0.00188,0,0.29539,0,0,0,0,0,0,0,0,0,0,0,0,0,0,0,0,0,0,0,0,0,0,0,0.00425,0.01691,0,0,0,0.42212,0.00373,0,0,0,0.00014,0,0,0,0,0,0,0,0.00016,0,21.13416,0,0.06993,0,0,1.54412,0.00704,0.00023,0,0,0,0.00117,4.37098,0,0.06452,0.01658,0.68843,0.00021,0.02073,0,0,0,0.0002,0,0,0.01817,0.15774,0.00014,0.04188,0,0.03,0,0.00862,0.00032,0.00543,0,0.00013
118,SGC12,SGC,0,0.15804,0,0,0.07694,3.88673,0.23356,0,0.29162,0,0,0,0,0.004,0,0,0,0,0,0,0,0.00059,0,0,0.00013,0,0,0,0,0,0,0,0.00204,0,0,0.00016,0,0,0.00293,0,0,0,0,0.00017,0,0.00047,0.00029,0,0,0.00017,0.00182,0,18.45849,0,0.07347,0,0,2.41198,0.00255,0.00012,0,0,0.00049,0.00143,6.33297,0,0.46876,0.00891,0.36042,0,0.01352,0,0,0,0.00033,0,0,0.02333,0.12698,0.00027,0.05679,0.00022,0.02191,0,0.00021,0.0006,0.00342,0,0.00014
119,RGT1,RGT,0,0.13728,0,0,0.10537,4.71724,0.22608,0,0.41662,0,0,0,0,0.00453,0.00012,0,0,0,0,0,0,0,0.00011,0,0,0,0,0,0,0,0,0,0.01578,0,0,0.00014,0,0.27148,0.00348,0.00816,0,0,0,0.00017,0,0.00042,0.0004,0,0,0.00022,0.02593,0,19.86731,0,0.08081,0,0,3.13969,0.00397,0.00011,0.00025,0,0.00793,0.00255,7.582,0,0.11645,0.01335,1.38328,0.00021,0.01502,0,0,0,0.00151,0,0,0.01676,0.19081,0.00016,0.04592,0,0.03093,0,0.00156,0.00102,0.00405,0,0.00021
120,RGT2,RGT,0,0.12081,0,0,0.23557,5.46384,0.2072,0,0.76481,0,0,0,0,0,0,0,0,0,0,0,0,0,0.00014,0,0,0,0,0,0,0,0,0,0.00341,0,0,0.00014,0,0,0.00354,0,0,0,0.00273,0.00018,0,0.0005,0,0,0.02953,0.00025,0.00091,0,19.8262,0,0.11568,0,0,4.15522,0.00329,0.00013,0.00018,0,0.00047,0.00075,7.28082,0,0.13134,0.04345,0.46316,0.12434,0.01594,0.00477,0,0,0.0002,0,0,0.08553,0.21998,0.0002,0.06166,0.00048,0.02916,0,0.00181,0.00115,0.0052,0,0.00012
121,RGT3,RGT,0,0.11858,0,0,0.07307,5.35577,0.19833,0,0.20636,0,0,0,0,0.0052,0,0,0,0,0,0,0,0,0,0,0,0,0,0,0,0,0,0,0.0172,0,0,0.00016,0,0,0.00345,0,0,0,0,0.00037,0.02727,0,0.00019,0,0,0,0.00103,0,19.00816,0,0.07574,0,0,1.9183,0.00401,0.00202,0,0,0.00074,0.03921,7.95335,0.00021,0.13171,0.01011,2.49445,0,0.01247,0.00117,0,0,0.00097,0,0,0.02888,0.15862,0.00013,0.01888,0,0.02728,0,0.00076,0.00071,0.00298,0,0.00015
122,RGT4,RGT,0,0.12755,0,0,0.06942,3.76756,0,0,0.65019,0,0,0,0,0.0003,0,0,0,0,0,0,0,0,0.00012,0,0,0,0,0,0,0,0,0,0.00539,0,0,0.00018,0,0.36054,0.00375,0,0,0,0,0,0,0,0.00021,0,0,0,0.03144,0,21.89693,0,0.07362,0,0,2.75849,0.00988,0,0,0,0.00274,0.00067,4.79054,0,0.05777,0.01824,0.6704,0.05691,0.01366,0.0003,0,0,0.00024,0,0,0.11805,0.11061,0.00049,0.02973,0,0.02636,0,0.00058,0.00057,0.00305,0,0
123,RGT5,RGT,0,0.13542,0,0,0.04368,3.97668,0.27358,0,0.42385,0,0,0,0,0,0,0,0,0,0,0,0,0,0,0,0,0,0,0,0,0,0,0,0.00648,0,0,0.00017,0,0,0.00413,0,0,0,0,0.00021,0,0,0.0005,0,0,0.00025,0.00054,0,20.92802,0,0.04916,0,0,1.64321,0.00351,0,0.00049,0,0.00369,0.00017,4.88962,0,0.15586,0.01903,1.02914,0,0.01213,0.00179,0,0,0.00032,0,0,0.00668,0.08814,0.00021,0.00787,0,0.01904,0,0,0.00041,0.00223,0,0.00012
124,RGT6,RGT,0,0.09545,0,0,0.02647,2.89068,0.31689,0,0.41061,0,0,0,0,0.00985,0,0,0,0,0,0,0,0,0,0,0,0,0,0,0,0,0,0,0.004,0,0,0.00017,0,0.25347,0.00335,0,0,0,0,0.00019,0,0,0.00026,0,0,0.0002,0.00044,0,22.10377,0,0.03323,0,0.00027,1.07236,0.00331,0,0,0,0.00374,0.00262,2.83246,0,0.13459,0.01268,1.73724,0.03984,0.00978,0.00371,0,0,0.0011,0,0,0.01438,0.07828,0.00018,0.01717,0,0.01928,0,0.00069,0.00022,0.00207,0,0
125,RGT7,RGT,0,0.08552,0,0,0.01796,2.30807,0.26998,0,0.11689,0,0,0,0,0.01044,0,0.00058,0,0,0,0,0,0,0,0,0,0,0,0,0,0,0,0,0.00398,0,0,0.00012,0,0,0.0034,0,0,0,0,0.00025,0,0.00032,0,0,0,0.00025,0.0019,0,20.46559,0,0.02458,0,0,2.62198,0.00308,0.00111,0.00022,0.0001,0.00463,0.0007,5.14983,0,0.15085,0.00933,1.24587,0.09286,0.00745,0.00211,0,0,0.18731,0,0,0.00579,0.05631,0,0.00424,0,0.01767,0,0,0.00017,0.0015,0,0
126,HR1,HR,0,0.08788,0,0,0.00044,3.36424,0.14952,0,0.38284,0,0,0,0,0.00812,0.00937,0,0,0,0,0,0,0,0,0,0,0,0,0,0,0,0,0,0.00478,0,0,0,0,0.32012,0.00311,0.01177,0,0,0.00393,0.00013,0,0,0.00056,0,0,0,0.00223,0,21.73789,0,0.05198,0,0,2.77637,0.00486,0,0,0,0.00044,0.00036,3.97704,0,0.06002,0.01492,0.80715,0.0509,0.00971,0.00092,0,0,0.00018,0,0,0.01445,0.12822,0,0.02733,0,0.02625,0,0.00114,0.00064,0.00429,0,0
127,HR2,HR,0,0.06269,0,0,0.00108,2.47916,0.24815,0.00011,0.31688,0,0,0,0.00415,0.00343,0.00746,0,0,0,0,0.00024,0,0,0.00063,0,0,0,0,0,0,0,0,0,0.00806,0,0,0.00016,0,0.28884,0.00288,0.01091,0,0,0.00041,0.00014,0,0.00023,0.00038,0,0,0,0.02507,0,22.83949,0,0.0283,0,0,0.81948,0.00529,0,0.00022,0,0.00156,0.00286,4.22941,0,0.04905,0.01556,0.77239,0,0.00693,0.00251,0,0,0.00033,0,0,0.02672,0.0481,0.00016,0.01496,0,0.01768,0,0.00033,0.0002,0.00206,0,0
128,HR3,HR,0,0.04414,0,0,0.02311,3.10023,0.25683,0.00035,0.48795,0,0,0,0,0.0068,0,0,0,0,0,0,0,0,0,0,0,0,0,0,0.00051,0,0,0,0.00332,0,0,0.00019,0,0.38214,0.00359,0,0,0,0,0,0,0,0,0,0,0,0.01586,0,28.51093,0,0.05316,0,0,0.96007,0.00374,0,0.00196,0,0.00331,0.00262,5.44414,0,0.08441,0.0248,1.1691,0.06938,0.00507,0.00056,0,0,0.00073,0,0,0.00382,0.04968,0.0002,0.01096,0,0.01075,0,0,0.00019,0.00177,0,0
129,HR4,HR,0,0.05621,0,0,0.03537,2.6732,0.23864,0,0.32395,0,0,0,0,0.00504,0,0,0,0,0,0,0.00023,0.00246,0,0,0,0,0,0,0,0,0,0,0.0119,0,0,0.00023,0,0.13281,0.00287,0,0,0,0,0.00018,0,0.00018,0.00041,0,0,0,0.02485,0,22.53585,0,0.03656,0,0,2.08032,0.00407,0,0,0,0.00359,0.00143,4.93076,0,0.11181,0.00945,1.25656,0.05028,0.0061,0.00313,0,0,0.00036,0.0083,0,0.00379,0.075,0.00033,0.01592,0,0.01401,0,0,0.00022,0.00209,0,0
130,HR5,HR,0,0.055,0,0,0.00103,2.46499,0.12762,0,0.24508,0,0.00357,0,0,0.00837,0.00975,0,0,0,0,0,0,0,0,0,0,0,0,0,0.00027,0,0,0,0.00706,0,0,0.00012,0,0.2179,0.00341,0.00898,0,0,0.00024,0.00013,0,0,0.0002,0,0,0,0.02559,0,26.35715,0,0.02913,0,0,3.42493,0.01398,0.00077,0,0,0.00667,0.00371,4.94914,0,0.06209,0.01214,0.95708,0.03736,0.0068,0.00112,0,0,0.00029,0,0,0.00569,0.06877,0,0.01724,0,0.01618,0,0.0016,0.00017,0.00209,0,0
131,HR6,HR,0,0.07772,0,0.0002,0.0011,2.88717,0.22578,0,0.28604,0,0,0,0,0.00875,0,0,0,0,0,0,0,0,0,0,0,0,0,0,0.00038,0,0,0,0.01036,0,0,0.00013,0,0,0.00303,0,0,0,0,0.00018,0,0,0,0,0,0.00015,0.02753,0,18.86092,0,0.04756,0,0,4.68928,0.00653,0.00017,0.00022,0,0.00378,0.00051,5.19654,0,0.11796,0.01118,1.20606,0.04796,0.00626,0.0004,0,0,0.00103,0,0.00589,0.01483,0.09852,0,0.02018,0,0.02238,0,0.00028,0.00032,0.00338,0,0.00024
132,PTW1,PTW,0,0.06137,0,0,0.08461,3.30921,0.15406,0,0.94602,0,0.00165,0,0,0.00398,0,0,0,0,0,0,0,0,0.00012,0,0,0,0,0,0,0,0,0,0.01069,0,0,0,0,0.34332,0.00315,0,0,0,0,0.00011,0,0,0.00019,0,0,0.05675,0.02439,0,22.97837,0,0.08373,0,0,2.38987,0.00601,0.00049,0,0,0.00241,0.00077,7.17077,0,0.22413,0.03439,0.89495,0.00019,0.01786,0.00212,0,0,0.00043,0,0.00621,0.0358,0.14755,0.00014,0.04233,0,0.01594,0,0.00011,0.00078,0.00346,0,0
133,PTW2,PTW,0,0.06583,0,0,0.03459,2.98375,0.10459,0,0.57254,0,0,0,0,0.00727,0,0,0,0,0,0,0,0.00033,0,0,0.00011,0,0,0,0,0,0,0,0.01029,0,0,0.00012,0,0.17227,0.00276,0.00562,0,0,0,0.00021,0,0.00018,0.00017,0,0,0,0.00079,0,19.4016,0,0.03027,0,0,1.24223,0.00499,0,0.00014,0,0.0021,0.00391,7.60159,0,0.05819,0.00905,0.80347,0,0.00803,0.00112,0,0,0.00024,0,0,0.04341,0.14227,0.00025,0.037,0,0.02439,0,0.00211,0.00028,0.00169,0,0
134,PTW3,PTW,0,0.06082,0.00017,0,0.05461,3.31356,0.09822,0,1.08904,0,0,0,0.00576,0.00605,0,0,0,0,0,0,0,0,0,0,0,0,0,0,0,0.00678,0,0,0.00243,0,0,0,0,0,0.00249,0,0.00039,0,0,0,0,0,0,0,0,0,0.01496,0,15.11749,0,0.04024,0,0,5.12528,0.00446,0,0,0,0.00101,0.00149,9.71422,0.00048,0.04205,0.01001,1.29762,0.02196,0.01361,0.02349,0,0,0,0,0,0.00465,0.12124,0.00013,0.04075,0,0.02381,0,0,0.00019,0.00297,0,0.00027
135,PTW4,PTW,0,0.06833,0,0,0.03915,2.72926,0.11498,0,1.18388,0,0,0,0.00565,0.00559,0,0,0,0,0,0,0.00017,0.00049,0,0,0,0,0,0,0,0,0,0,0.00412,0,0,0,0,0.13303,0.00257,0,0,0,0,0.00015,0,0,0.00041,0,0,0,0.01375,0,17.76712,0,0.04532,0,0,2.34346,0.00812,0.00207,0,0,0.0013,0.00203,7.94035,0.00055,0.02823,0.01769,0.52617,0.04163,0.01769,0.00149,0,0,0.00025,0,0,0.05085,0.14075,0,0.04095,0,0.02831,0,0,0.00034,0.00177,0,0
136,PTW5,PTW,0,0.07448,0,0,0.10921,3.12714,0.20693,0,0.94379,0,0,0,0,0.00369,0,0,0,0.00079,0,0,0,0,0,0,0,0,0,0,0,0,0,0,0.00555,0,0,0.00011,0,0,0.0028,0,0.00026,0,0,0.00012,0,0,0,0,0,0,0.0044,0,14.5738,0,0.07379,0,0,2.65221,0.00709,0.00043,0.00014,0,0.00501,0.00191,10.97133,0.0007,0.10363,0.00177,0.61924,0.01739,0.00122,0.00603,0,0,0.00257,0,0.00328,0.00841,0.18284,0,0.04659,0,0.03294,0,0.00013,0.00075,0.00218,0,0.00058
137,PTW6,PTW,0,0.06165,0,0,0.14748,4.12053,0.00162,0,1.02916,0,0,0,0,0.0056,0,0,0,0,0,0,0,0,0,0,0,0,0,0,0,0,0,0,0.0048,0,0,0,0,0.20155,0.00287,0,0,0,0,0,0,0,0,0,0,0.00288,0.00471,0,20.25383,0,0.12546,0,0,4.61093,0.00318,0.00065,0.00023,0.00011,0.00346,0.00108,8.55934,0.0004,0.02018,0.04765,0.15629,0.01645,0.01945,0.00812,0,0,0.0003,0.0061,0,0.10418,0.1939,0.00016,0.05825,0,0.02257,0,0.00028,0.00113,0.00295,0,0.00033
138,PTW7,PTW,0,0.06654,0.00029,0,0.08973,3.90462,0.16484,0,1.37022,0,0,0,0,0.00419,0,0,0,0,0,0,0,0,0,0,0,0,0,0,0,0,0,0,0.01275,0,0,0.00011,0,0.0006,0.00278,0,0,0,0.00043,0.00011,0,0,0.00038,0,0,0,0.00567,0,16.83413,0,0.08565,0,0,3.97724,0.00496,0.0009,0,0,0.00095,0.00232,9.90062,0.0006,0.04175,0.02949,1.10853,0.00777,0.02223,0.01959,0,0,0.00033,0,0,0.10036,0.21784,0.00027,0.06229,0,0.02589,0,0.00027,0.001,0.00292,0,0.00012
139,PTW8,PTW,0,0.07356,0,0,0.26533,3.03071,0.11686,0,0.50199,0,0,0,0,0.00726,0,0,0,0,0,0,0,0,0,0,0,0,0,0,0,0,0,0,0.01424,0,0,0,0,0.21403,0.00304,0.00701,0,0,0.00014,0,0,0,0.00015,0,0,0,0.01741,0,21.90212,0,0.07389,0,0,2.70746,0.00417,0.00081,0.00025,0,0.00038,0.00145,8.30674,0.00085,0.04057,0.01838,0.40093,0,0.01019,0.00034,0,0,0.00024,0,0.00359,0.09433,0.25454,0.00016,0.05174,0,0.02169,0,0.00025,0.00092,0.00389,0,0
140,PTW9,PTW,0,0.06594,0,0,0.06683,2.57831,0.1225,0,0.64077,0,0,0,0,0.00431,0,0,0,0,0,0,0.00018,0.00033,0,0,0,0,0,0,0,0,0,0,0.0191,0,0,0,0,0,0.00295,0.00815,0,0,0,0.00017,0,0,0.00014,0,0,0,0.03418,0,20.34029,0,0.0562,0,0,4.64759,0.00432,0.00019,0.0002,0,0.00384,0.00573,7.29523,0.00011,0.04101,0.01442,0.93624,0,0.00721,0.00114,0,0,0,0,0,0.09077,0.1135,0.00028,0.03365,0,0.03278,0,0.00334,0.00031,0.00337,0,0
141,PTW10,PTW,0,0.09397,0,0,0.01501,3.86683,0.23403,0,0.77935,0,0,0,0,0.00717,0.0001,0,0,0,0,0,0,0,0,0,0.00016,0,0,0,0,0,0,0,0.01997,0,0,0.00032,0,0.18795,0.00342,0,0,0,0,0.00012,0,0.00017,0,0,0,0,0.17278,0,22.08154,0,0.08036,0,0,2.42598,0.00397,0,0,0,0.00214,0.00163,8.81756,0,0.12606,0.02076,1.43533,0.03992,0.01003,0.00056,0,0,0.00024,0,0,0.01182,0.19308,0.00048,0.03883,0,0.02401,0,0.00133,0.00046,0.00279,0,0
142,GH1,GH,0,0.10814,0,0,0.03298,2.835,0.16173,0,0.38187,0,0,0,0,0.00246,0,0,0,0,0,0,0,0,0,0,0,0,0,0,0,0,0,0,0.00299,0,0,0,0,0.23486,0.0022,0,0,0,0,0.00013,0,0,0,0,0,0,0.0016,0,18.29748,0,0.02774,0,0,1.12713,0.00238,0,0,0,0.00137,0.00815,4.57913,0,0.45603,0.00803,0.73855,0.00311,0.01295,0.00034,0,0,0.00026,0.00603,0,0.02004,0.07736,0,0.015,0,0.01345,0,0.00047,0.00029,0.00154,0,0
143,GH2,GH,0,0.12269,0,0,0.16947,5.05238,0.22843,0,0.81007,0,0,0,0,0,0,0,0,0,0,0,0,0,0,0,0,0,0,0,0,0,0,0,0.00522,0,0,0.00023,0,0.31859,0.00394,0,0,0,0.00019,0.00037,0,0,0,0,0,0,0.00012,0,14.68363,0,0.04423,0,0,1.49672,0.00284,0,0,0,0.00056,0.03539,7.19192,0,0.10137,0.0176,0.50367,0,0,0.0131,0,0,0,0,0,0.05938,0.07688,0,0.02617,0,0.0174,0,0.00172,0.00051,0.0033,0,0
144,LM1,LM,0,0.08877,0,0.00026,0.03883,2.42939,0.23365,0.00043,0.47996,0,0,0,0,0.00635,0,0,0,0,0,0,0,0.00258,0,0,0.00015,0,0,0,0,0,0,0,0.01043,0,0,0.00027,0,0.19496,0.00334,0,0,0,0,0,0,0,0,0,0,0.00015,0.00021,0,21.05246,0,0.04208,0,0,2.25778,0.0033,0,0,0,0.00349,0.00177,4.75776,0,0.12981,0.00982,1.07531,0.06609,0.03237,0.0011,0,0,0.00133,0,0,0.02039,0.09103,0.00028,0.03021,0,0.02306,0,0.00016,0.00034,0.00249,0,0
145,SLG17,SLG,0,0.08293,0,0,0.05688,1.65518,0.0488,0,0.30318,0,0,0,0,0.00012,0,0,0,0,0,0,0,0,0,0,0,0,0,0,0,0,0,0,0.00198,0,0,0,0,0.07981,0.00133,0,0,0,0,0,0,0,0,0,0,0,0.00272,0,6.70114,0,0.01479,0,0,0.95169,0.00125,0,0,0,0.00198,0.00442,3.69952,0,0.02948,0.00155,0.28671,0.01289,0.01493,0.00052,0,0,0.00022,0,0,0.0395,0.07491,0.00012,0.05062,0,0.01196,0,0.00171,0.00015,0.00119,0,0
146,LM3,LM,0,0.16651,0,0,0.06217,2.05959,0.06937,0,0.65131,0,0,0,0,0.0032,0,0,0,0,0,0,0,0,0,0,0,0,0,0,0,0,0,0,0.00192,0,0,0,0,0.1204,0.00209,0.00395,0,0,0.00044,0.00013,0,0.0004,0,0,0,0,0.01872,0,12.99013,0,0.03429,0,0,2.29422,0.00421,0,0,0,0,0.00154,4.83695,0,0.03144,0.01218,0.50126,0.02877,0.02172,0.00103,0,0,0.00021,0,0,0.05714,0.17821,0.0002,0.02378,0,0.01602,0,0.00388,0.00027,0.00319,0,0.00014
147,LM4,LM,0,0.106,0,0,0,8.73034,0,0,5.48123,0,0,0,0,0,0,0,0,0,0,0,0,0,0,0,0,0,0.0076,0,0,0,0,0,0,0,0,0,0,0,0.00023,0,0,0,0,0,0,0,0,0,0,0,0.00103,0,0.35591,0,0.01051,0,0,0.08643,0,0,0,0,0,0,4.27304,0,0,0,0,0,0,0,0,0,0,0,0,0,0.0051,0,0.00035,0,0.0066,0,0,0,0.00031,0,0
148,LM5,LM,0,0,0,0,0,11.57249,0,0,3.68994,0,0,0,0,0,0,0,0,0,0,0,0,0,0,0,0,0,0,0,0,0,0,0,0,0,0,0,0,0,0,0,0,0,0,0,0,0,0,0,0,0,0.00071,0,0.02412,0,0,0,0,0.40306,0,0,0,0,0,0,1.51023,0,0,0,0,0,0,0,0,0,0,0,0,0,0.00339,0,0.00035,0,0,0,0,0,0.00012,0,0
149,LM6,LM,0,0,0,0,0,7.71119,0,0,5.02892,0,0,0,0,0,0,0,0,0,0,0,0,0,0,0,0,0,0,0,0,0,0,0,0,0,0,0,0,0,0.00042,0,0,0,0,0,0,0,0,0,0,0,0.00206,0,0.06494,0,0,0,0,4.99733,0,0,0,0,0,0,1.2265,0,0,0,0,0,0,0,0,0,0,0,0,0,0.00725,0,0.00015,0,0.00123,0,0,0,0.00029,0,0
150,LM7,LM,0,0.08438,0,0,0.04982,3.09385,0.26224,0.00028,0.20867,0,0.00273,0,0,0.00492,0,0,0,0,0,0,0,0,0,0,0,0,0,0,0,0,0,0,0.01758,0,0,0.00067,0,0.28598,0.00315,0,0,0,0,0.00022,0,0.00022,0.00028,0,0,0,0.02644,0,22.09325,0,0.05723,0,0,2.96579,0.00353,0,0,0,0.00296,0.00111,4.51239,0,0.11828,0.01305,1.45055,0.06959,0.01374,0.00061,0,0,0.00026,0,0,0.00877,0.08763,0.00022,0.01783,0,0.01479,0,0.0002,0.00044,0.00282,0,0
151,LM8,LM,0,0.10321,0,0,0.04211,2.59219,0.2347,0.00074,0.5669,0,0,0,0,0.00533,0,0.0004,0,0,0,0,0,0,0,0,0,0,0,0,0,0,0,0,0.0006,0,0,0,0,0.33649,0.00304,0,0,0,0,0.00013,0,0.00023,0,0,0,0,0.00057,0,21.43815,0,0.04553,0,0,1.50193,0.01006,0.00469,0,0,0.0047,0.00187,4.64787,0,0.10328,0.01388,2.01233,0.03593,0.01323,0.00052,0,0,0.00026,0,0.00338,0.0138,0.09126,0.00014,0.01108,0,0.01023,0,0.00019,0.00036,0.0027,0,0
152,LM9,LM,0,0.09729,0,0,0.00083,2.02895,0.12887,0,0.3697,0,0,0,0,0.01157,0,0,0,0,0,0,0,0,0,0,0,0,0,0,0,0,0,0,0.01142,0,0,0,0,0.17903,0.00241,0.00615,0,0,0.00019,0.00012,0,0.0002,0,0,0,0,0.01743,0,18.57348,0,0.03619,0,0,1.89931,0.0059,0,0.00014,0,0.00027,0.00066,6.40449,0,0.04054,0.01043,1.23613,0.05008,0.01418,0.00022,0,0,0.00029,0,0,0.05147,0.09042,0.00017,0.02748,0,0.02108,0,0.00271,0.00061,0.00171,0,0
153,LM10,LM,0,0.11619,0,0,0.05907,3.1759,0.25452,0,0.30049,0.00012,0,0,0,0,0,0,0,0,0,0,0,0,0,0,0,0,0,0,0,0,0,0,0.01367,0,0,0.00019,0,0.21862,0.00383,0,0,0,0,0.00022,0,0,0.00041,0,0,0,0.00043,0,20.93013,0,0.04514,0,0,3.29635,0.00362,0,0.00022,0,0.00054,0.00226,6.04629,0,0.13879,0.01244,0.46928,0,0.02029,0.00037,0,0,0.00022,0,0,0.01048,0.10836,0.00011,0.06766,0,0.01989,0,0.00069,0.00038,0.00313,0,0
154,LM11,LM,0,0.1077,0,0,0.08,4.76917,0.23847,0,0.56904,0,0,0,0,0.00753,0,0,0,0,0,0,0,0,0,0,0,0,0,0,0,0,0,0,0.00296,0,0,0.00015,0,0.16544,0.00246,0,0,0,0,0.00015,0,0.00022,0,0,0,0.00013,0.00073,0,19.16454,0,0.05996,0,0,2.18925,0.00209,0,0.00019,0,0.00198,0.0008,10.07229,0,0.10044,0.00953,1.30852,0,0.01633,0.00041,0,0,0,0,0,0.01906,0.1414,0.00026,0.0522,0,0.02223,0,0.00038,0.0006,0.0028,0,0.00016
155,LM12,LM,0,0.09995,0,0,0.00067,2.23817,0.11749,0,0.31171,0,0,0,0,0.0073,0,0,0,0,0,0,0,0,0,0,0,0,0,0,0,0,0,0,0.00386,0,0,0,0,0.17588,0.00235,0.0062,0,0,0,0.00012,0,0.0002,0.00019,0,0,0,0.01736,0,19.65814,0,0.03522,0,0,2.81024,0.00572,0.00143,0,0,0.00023,0.00082,5.2962,0,0.0441,0.00844,0.04203,0.04663,0.01493,0,0,0,0.0003,0,0,0.03923,0.13524,0.00013,0.07499,0,0.01532,0,0.00016,0.0005,0.00159,0,0
156,LM13,LM,0,0.09931,0,0,0.00069,2.08479,0.18244,0,0.30244,0,0,0,0,0.00024,0,0,0,0,0,0,0,0,0,0,0,0,0,0,0,0,0,0,0.01065,0,0,0.00013,0,0.27156,0.0021,0.00613,0,0,0,0.00019,0,0.0002,0.00021,0,0,0,0.00029,0,17.07191,0,0.04286,0,0,3.80616,0.00407,0,0,0,0.00337,0.00048,5.56851,0,0.03867,0.00884,0.64382,0,0.01669,0.00069,0,0,0.00031,0,0,0.00581,0.08392,0.00029,0.02499,0,0.01652,0,0.00042,0.0003,0.00183,0,0
157,LM14,LM,0,0.12288,0,0,0.06393,4.07025,0.08819,0,0.60755,0,0,0,0,0,0,0,0,0,0,0,0.00014,0,0,0,0,0,0,0,0,0,0,0,0.01158,0,0,0.00011,0,0.13888,0.00209,0,0,0,0,0,0,0,0.0002,0,0,0,0.01643,0,14.26828,0,0.04173,0,0,1.16639,0.00573,0,0.00044,0,0.00388,0.0004,11.31785,0,0.03263,0.00896,0.64561,0.05781,0.01812,0,0.00013,0,0.00022,0,0,0.05518,0.15927,0,0.058,0,0.0186,0,0,0.00072,0.00303,0,0
158,LM15,LM,0,0.08481,0,0,0,2.26761,0.00154,0,0.26644,0,0,0,0,0.00022,0,0,0,0,0,0,0,0,0,0,0,0,0,0,0,0,0,0.00011,0.00665,0,0,0,0,0.27563,0.0023,0.00621,0,0,0,0.00014,0,0,0.00014,0,0,0,0.00055,0,19.71562,0,0.04275,0,0,3.13803,0.00417,0,0,0,0.00168,0.00372,4.65558,0,0.04576,0.01374,0.57323,0,0.01441,0.00074,0,0,0.00024,0,0,0.07281,0.08242,0,0.02831,0,0.01571,0,0.00045,0.00039,0.00218,0,0
159,LM16,LM,0,0.16401,0,0,0.06762,3.45066,0.23095,0,0.4236,0.0001,0,0,0,0,0,0,0,0,0,0,0,0,0,0,0,0,0,0,0,0,0,0,0.00278,0,0,0.00015,0,0,0.00249,0.00608,0,0,0,0.00021,0,0.00039,0.00016,0,0,0.00021,0.00043,0,13.76964,0,0.05152,0,0,2.36927,0.00623,0,0.0002,0,0.00099,0.0008,5.25465,0,0.09993,0.01409,1.19126,0,0.03523,0.00042,0,0,0.00026,0,0,0.01438,0.19396,0.00028,0.04528,0,0.01746,0,0.0003,0.00066,0.0029,0,0.00026
160,LM17,LM,0,0.14536,0,0,0.05758,3.07861,0.24205,0,0.62023,0,0,0,0,0.00499,0,0,0,0,0,0,0.00018,0,0,0,0,0,0,0,0,0,0,0,0.01438,0,0,0.00018,0,0,0.0026,0,0,0,0,0,0,0.00036,0,0,0,0.00018,0.00022,0,14.73965,0,0.04365,0,0,1.94892,0.00229,0,0,0,0.00043,0.00042,6.04556,0,0.38101,0.01004,1.02395,0.00011,0.02007,0.00023,0,0,0.00011,0,0,0.03184,0.1188,0.00057,0.05078,0,0.01539,0,0.00041,0.00047,0.00233,0,0
161,LM18,LM,0,0.17526,0,0,0.05612,3.02685,0.17973,0,0.36453,0,0,0,0,0.00508,0,0,0,0,0,0,0,0,0,0,0,0,0,0,0,0,0,0,0.00332,0.00913,0,0,0,0.15107,0.0024,0,0,0,0.00011,0.00018,0,0,0.0003,0,0,0,0.00143,0,13.70119,0,0.06376,0,0,2.66551,0.00812,0.00175,0,0,0.00082,0.0004,8.57171,0,0.05782,0.02692,0.70059,0,0.02178,0.0004,0,0,0.00094,0,0,0.00851,0.12235,0.00057,0.06952,0,0.01938,0,0.00027,0.00047,0.00292,0,0.00016
162,LM19,LM,0,0.16653,0,0,0.05555,3.33856,0.19888,0,0.56671,0,0,0,0,0,0,0,0,0,0,0,0,0,0,0,0,0,0,0,0,0,0,0,0.00409,0,0,0,0,0,0.00389,0,0,0,0.00016,0.00024,0,0,0,0,0,0,0.00047,0,14.25928,0,0.06493,0,0,3.1575,0.00389,0,0,0,0.00305,0,8.65631,0.00018,0.0947,0.00358,0.43625,0,0.02812,0,0,0,0.00045,0,0,0.00892,0.10329,0,0.02339,0,0.01606,0,0,0.00056,0.00303,0,0.00011
163,LM20,LM,0,0.16945,0,0,0.05507,2.9415,0.16457,0,0.28717,0,0,0,0,0,0,0,0,0,0,0,0,0,0,0,0,0,0,0,0,0,0,0,0.01296,0,0,0.00028,0,0.1823,0.00244,0,0,0,0,0.00013,0,0.00034,0,0,0,0.0001,0.00049,0,16.19428,0,0.04122,0,0,2.27606,0.0044,0,0,0,0.00042,0.00047,3.12355,0,0.09222,0.0241,0.36642,0,0.02818,0.00055,0,0,0.00018,0,0,0.0107,0.10837,0.00059,0.02924,0,0.02004,0,0.00062,0.00056,0.00276,0,0
164,LM21,LM,0,0.17071,0,0,0.03704,2.40038,0.18135,0,0.22401,0,0,0,0,0.0078,0,0,0,0,0,0,0,0,0,0,0,0,0,0,0,0,0,0,0.01013,0,0,0,0,0.19559,0.00261,0,0,0,0,0,0,0.00051,0,0,0,0,0.00012,0,15.57894,0,0.09714,0,0,1.38601,0.00764,0.00381,0,0,0.0003,0.00065,6.8403,0,0.05247,0.0068,1.1156,0,0.02277,0,0,0,0,0,0,0.00483,0.11353,0.00031,0.0399,0,0.0144,0,0.00016,0.00045,0.00233,0,0.00013
165,LM22,LM,0,0.19515,0,0,0.04271,2.90488,0.08462,0,0.45967,0,0,0,0,0,0,0,0,0,0,0,0,0,0,0,0,0,0,0,0,0,0,0,0.00769,0,0,0.00013,0,0.25308,0.00213,0,0,0,0.0001,0.00014,0,0,0.00037,0,0,0,0.0145,0,14.47239,0,0.05016,0,0,2.45369,0.00429,0,0,0,0.00034,0.00078,6.51575,0,0.0334,0.01111,0.43556,0,0.02828,0,0,0,0.00027,0,0,0.08322,0.12583,0.00017,0.01893,0,0.02546,0,0.00051,0.00059,0.00281,0,0.00047
166,LM23,LM,0,0.14935,0,0,0.00193,1.89188,0.12772,0,0.25335,0,0,0,0,0.00022,0,0,0,0,0,0,0,0,0,0,0,0,0,0,0,0,0,0,0.01071,0,0,0,0,0.2323,0.00217,0,0,0,0,0.00019,0,0.0004,0.00025,0,0,0,0,0,13.23288,0,0.04932,0,0,1.64035,0.00345,0,0,0,0.00029,0.00021,6.16135,0,0.03324,0.00762,0.52692,0,0.02258,0.00092,0,0,0.00029,0,0,0.08001,0.10302,0.00035,0.04042,0,0.0115,0,0.00037,0.00053,0.00252,0,0
167,LM25,LM,0,0.16871,0,0,0.05727,3.26494,0.19507,0,0.31249,0,0,0,0,0,0,0.00046,0,0,0,0,0,0,0,0,0,0,0,0,0,0,0,0.00034,0.0114,0,0,0.00012,0,0.29602,0.00248,0,0,0,0,0,0,0.00039,0.00021,0,0,0,0.00041,0,10.57947,0,0.06016,0,0,2.29461,0.00427,0,0,0,0.0004,0.00185,4.4382,0,0.07328,0.02626,0.96474,0.03866,0.029,0,0,0,0.00092,0.0059,0,0.02459,0.11958,0,0.01854,0,0.01883,0,0.00064,0.00071,0.00302,0,0
168,SLG21,SLG,0,0.08409,0,0,0.00073,1.87711,0.10962,0,0.26692,0,0,0,0,0.00705,0,0,0,0,0,0,0,0.00044,0.00046,0,0,0,0,0,0,0,0,0,0.00379,0,0,0,0,0.28241,0.00208,0.00678,0,0,0.00061,0.00021,0,0,0.00012,0,0,0,0.01827,0,20.31017,0,0.03168,0,0,3.20797,0.00327,0,0,0,0.0044,0.00069,2.98906,0,0.0434,0.01196,0.61893,0.02813,0.01482,0.00052,0,0,0.00018,0,0,0.02782,0.06647,0,0.02875,0,0.0167,0,0.00041,0.00029,0.00185,0,0.00023
169,LM28,LM,0,0.1186,0,0,0.02137,2.10213,0.06687,0,0.41032,0,0,0,0,0.00488,0,0,0,0,0,0,0,0,0,0,0,0,0,0,0,0,0,0,0.00341,0,0,0,0,0,0.00224,0.00395,0,0,0.00012,0,0,0.00027,0,0,0,0,0.00072,0,13.04324,0,0.03177,0,0,1.75823,0.00378,0,0.00014,0,0.00167,0.00066,8.75763,0,0.03246,0.01308,0.82749,0.0077,0.0227,0.00228,0,0,0.00024,0,0,0.04377,0.1233,0,0.03006,0,0.018,0,0.0028,0.00056,0.00244,0,0
170,MKP1,MKP,0,0.17857,0,0,0.0442,2.27666,0.09381,0,0.43883,0,0,0,0,0.00465,0,0,0,0,0,0,0,0,0,0,0,0,0,0,0,0,0,0,0.00382,0,0,0.00017,0,0.21948,0.00177,0,0,0,0,0,0,0,0.00022,0,0,0,0.00031,0,13.00031,0,0.04248,0,0,1.16565,0.00339,0,0.00011,0,0.00025,0.0004,3.8583,0,0.03261,0.02067,0.75742,0,0.02722,0.00042,0,0,0.00019,0,0,0.06929,0.09451,0.00036,0.03113,0,0.02362,0,0.00036,0.00048,0.00231,0,0
171,MKP2,MKP,0,0.14815,0,0,0.0375,1.47981,0,0,0.27954,0,0,0,0,0.00562,0,0,0,0,0,0,0,0,0,0,0,0,0,0,0,0,0,0,0.00221,0,0,0,0,0,0.0034,0.00451,0,0,0.00015,0.00018,0,0,0.00017,0,0,0,0.02991,0,13.27437,0,0.03843,0,0,4.93448,0.00589,0,0,0,0.00025,0.00127,4.42456,0,0.04255,0.00857,0.55175,0,0.02185,0,0,0,0.00016,0,0,0.05319,0.07979,0.00029,0.02647,0,0.02398,0,0.00067,0.00072,0.00279,0,0
172,MKP3,MKP,0,0.15598,0,0,0.03712,1.44031,0.13356,0,0.28375,0,0,0,0,0.00274,0,0,0,0,0,0,0,0,0,0,0,0,0,0,0,0,0,0,0.00384,0,0,0,0,0.07112,0.00272,0,0,0,0,0.00011,0,0.00026,0.00017,0,0,0,0.00031,0.01751,12.52828,0,0.03657,0,0,1.16817,0.00464,0,0,0,0.00012,0.00085,5.66041,0,0.03736,0.00996,0.58893,0.02235,0.02147,0.0012,0,0,0.001,0,0,0.01082,0.0931,0.00013,0.0302,0,0.01793,0,0.00069,0.0004,0.00223,0,0
173,MKP4,MKP,0,0.13561,0,0,0.02682,1.59838,0.06232,0,0.22311,0,0,0,0,0.00479,0,0,0,0,0,0,0,0,0,0,0,0,0,0,0,0,0,0,0.00972,0,0,0,0,0,0.00203,0.00382,0,0,0,0,0,0,0,0,0,0,0.01248,0,13.41375,0,0.03014,0,0,1.50124,0.00518,0,0,0,0.00018,0.00016,5.81658,0,0.03171,0.01328,0.27737,0,0.02023,0.00077,0,0,0.00017,0,0,0.05478,0.09609,0,0.02266,0,0.01924,0,0.00049,0.00037,0.00214,0,0.00019
174,MKP5,MKP,0,0.18075,0,0,0.05861,2.81683,0.21682,0.00022,0.41511,0,0,0,0,0.00842,0,0,0,0,0,0,0,0,0,0,0,0,0,0,0,0,0,0,0.01273,0,0,0.00016,0,0,0.00269,0,0,0,0,0.00022,0,0.00045,0.00017,0,0,0.0002,0,0,16.31652,0,0.03816,0,0,1.78678,0.00315,0,0.0002,0,0.00399,0.0007,3.84806,0,0.11161,0.00882,0.33413,0.00011,0.02758,0.00049,0,0,0.00012,0.00863,0,0.02632,0.10323,0,0.02034,0,0.02288,0,0.00115,0.00044,0.00297,0,0.00013
175,MKP6,MKP,0,0.13411,0,0,0.02376,2.8587,0.13226,0,0.37471,0,0,0,0,0,0,0,0,0,0,0,0,0,0,0,0,0,0,0,0,0,0,0,0.00748,0,0,0,0,0.25059,0.00174,0,0,0,0,0,0,0,0,0,0,0,0.00154,0,10.36005,0,0.03513,0,0,2.43614,0.00672,0,0,0,0.00029,0.00026,5.79061,0,0.011,0.0302,0.83917,0.01599,0.00286,0.00736,0,0,0.00018,0,0,0.04722,0.09891,0,0.09641,0,0.01649,0,0.00165,0.00039,0.00151,0,0
176,MKP7,MKP,0,0.12573,0,0,0.02044,1.94543,0.21966,0,0.26477,0,0,0,0,0.00419,0,0,0,0,0,0,0,0,0,0,0,0,0,0,0,0,0,0,0.00321,0,0,0,0,0.30898,0.00262,0,0,0,0,0.00016,0,0.00037,0,0,0,0,0.02457,0,17.77455,0,0.02864,0,0,2.78403,0.00749,0,0.00015,0,0.00046,0.00078,3.00184,0,0.10918,0.01704,0.36663,0.0002,0.01555,0,0,0,0.00127,0,0,0.01031,0.05695,0.00024,0.01624,0,0.00803,0,0.00022,0.00029,0.00142,0,0
177,MKP8,MKP,0,0.12258,0,0,0.00016,2.36878,0.23406,0,0.27134,0,0,0,0,0.00817,0,0,0,0,0,0,0,0,0,0,0,0,0,0,0,0,0,0,0.00221,0,0,0.00016,0,0.20248,0.00237,0,0,0,0,0.00018,0,0.00035,0.0002,0,0,0,0.00042,0,15.69185,0,0.04032,0,0,2.85251,0.00216,0,0,0,0.00042,0.00021,4.00603,0,0.10416,0.01268,0.31088,0.04543,0.01794,0,0,0,0.00013,0,0,0.02121,0.08695,0.00029,0.01272,0,0.01223,0,0.00044,0.00032,0.00251,0,0
178,RF1,RF,0,0.15026,0,0,0,3.38635,0.2255,0,0.62582,0,0,0,0,0.00878,0,0,0,0,0,0,0,0,0,0,0,0,0,0,0,0,0,0,0.0019,0,0,0.00017,0,0,0.00298,0,0,0,0.00012,0.00013,0,0.00038,0.00044,0,0,0.00021,0.00162,0,16.40752,0,0.06624,0,0.00051,2.98453,0.00213,0.00011,0,0,0.0045,0.00221,5.14466,0,0.09131,0.0108,1.23465,0,0.02872,0.00026,0,0,0.00154,0,0.00974,0.04039,0.15512,0.00039,0.03498,0,0.02157,0,0,0.00054,0.00346,0,0
179,RF2,RF,0,0.14774,0,0,0.07034,3.13025,0.17669,0,0.60323,0,0,0,0,0,0,0,0,0,0,0,0,0,0,0,0,0,0,0,0,0,0,0,0.00188,0,0,0.00015,0,0,0.00224,0,0,0,0,0,0,0.00051,0.00024,0,0,0,0.01898,0,14.57811,0,0.0635,0,0,2.12782,0.00182,0.00347,0,0,0.00053,0.00023,4.72186,0,0.0823,0.00769,0.97091,0,0.02518,0,0,0,0.00012,0,0,0.04935,0.16081,0.00017,0.02065,0,0.01861,0,0.00087,0.00055,0.00298,0,0
180,RF3,RF,0,0.13817,0,0,0.03906,2.24964,0.08075,0,0.35053,0,0,0,0,0.00565,0,0,0,0,0,0,0,0,0,0,0,0,0,0,0,0,0,0,0.00716,0,0,0.00012,0,0.19945,0.00208,0,0,0,0,0,0,0.00026,0.00017,0,0,0,0.01417,0,14.26651,0,0.02861,0,0,2.27262,0.00325,0,0,0,0.00031,0.00678,4.94832,0,0.04116,0.00974,0.25972,0,0.01916,0.00271,0,0,0.00026,0,0,0.05205,0.12186,0,0.02549,0,0.01696,0,0.00017,0.00024,0.00255,0,0.00019
181,RF4,RF,0,0.17599,0,0,0.04157,2.87788,0.19383,0,0.29195,0,0,0,0,0.00802,0,0,0,0,0,0,0,0,0,0,0,0,0,0,0,0,0,0,0.00108,0,0,0,0,0,0.00294,0,0,0,0,0.00021,0,0,0,0,0,0,0.00213,0,14.84607,0,0.03924,0,0,0.99015,0.00297,0,0,0,0,0.00064,5.18603,0,0.0955,0.01197,0.29613,0.03424,0.0284,0.00045,0,0,0.00037,0,0,0.01162,0.10208,0,0.02415,0,0.01856,0,0.00025,0.00037,0.00217,0,0
182,RF5,RF,0,0.12646,0,0,0.00197,1.73207,0,0,0.26135,0,0,0,0,0,0,0,0,0,0,0,0,0,0,0,0,0,0,0,0,0,0,0,0.00939,0,0,0,0,0.11838,0.00232,0.00403,0,0,0.00172,0.00012,0,0,0.00013,0,0,0,0.00012,0,16.12206,0,0.02366,0,0,1.64912,0.00515,0,0,0,0,0.00022,3.51857,0,0.03341,0.01412,0.52751,0,0,0.00063,0,0,0.0002,0,0,0.00695,0.07409,0.00015,0.0259,0,0.01651,0,0.0023,0.00012,0.00198,0,0
183,RF6,RF,0,0,0,0,0,5.71398,0,0,1.02779,0,0,0,0,0,0,0,0,0,0,0,0,0,0,0,0,0,0,0,0,0,0,0,0,0,0,0,0,0,0.02137,0,0,0,0,0,0,0,0,0,0,0,0.04199,0,11.07189,0,0.14564,0,0,2.05977,0,0,0,0,0,0,10.14548,0,0.12925,0,0.1368,0,0,0,0,0,0,0,0,0.00017,0.1448,0,0.05019,0,0.33307,0,0,0,0.01156,0.00017,0
184,RF7,RF,0,0,0,0,0,8.62726,0,0,0.20592,0,0,0,0,0,0,0,0,0,0,0,0,0,0,0,0,0,0,0,0,0,0,0,0,0,0,0,0,0,0,0,0,0,0,0,0,0,0,0,0,0,0,0,5.64863,0,0,0,0,8.55198,0,0,0,0,0,0,7.80453,0,0,0,0,0,0,0,0,0,0,0,0,0,0.2104,0,0.02591,0,0.03955,0,0.03377,0,0.00346,0.00012,0
185,RF8,RF,0,0.10884,0,0,0.00081,1.75697,0.10872,0,0.43674,0,0,0,0,0,0,0,0,0,0,0,0,0,0,0,0,0,0,0,0,0,0,0,0.00426,0,0,0,0,0.15071,0.00275,0.00489,0,0,0.00021,0.00014,0,0,0.00024,0,0,0,0.0002,0,16.50243,0,0.03345,0,0,3.81764,0.00455,0,0.00021,0,0.0015,0.00046,3.80923,0,0.03886,0.01581,0.25962,0,0.01703,0.00011,0,0,0.00032,0,0,0.01034,0.1072,0.00017,0.02565,0,0.01562,0,0.00234,0.00032,0.00206,0,0
186,RF9,RF,0,0.15341,0,0,0.05259,3.21738,0.10592,0,0.34314,0,0,0,0,0.00023,0,0,0,0,0,0,0,0,0,0,0,0,0,0,0,0,0,0,0.00988,0,0,0,0,0.23887,0.00189,0,0,0,0,0.0001,0,0.00052,0.00024,0,0,0,0.0002,0,12.31326,0,0.05577,0,0,2.14202,0.0044,0,0.00021,0,0.00019,0.00031,5.65857,0,0.03574,0.01005,0.49452,0,0.02487,0,0,0,0.00011,0,0,0.10863,0.17804,0.00015,0.05669,0,0.01868,0,0.00743,0.00046,0.0039,0,0.00034
187,RF10,RF,0,0.16476,0,0,0.0267,1.78896,0.10052,0,0.34758,0,0,0,0,0.00731,0,0,0,0,0,0,0,0,0,0,0,0,0,0,0,0,0,0,0.00424,0,0,0.00017,0,0.27144,0.00231,0.00899,0,0,0.00037,0.00025,0,0,0.00056,0,0,0,0.01481,0,14.99634,0,0.02566,0,0,2.10026,0.0047,0,0,0,0.00035,0.00086,3.57214,0,0.04273,0.01198,0.57421,0.04424,0.02311,0,0,0,0.00055,0,0,0.00501,0.0764,0.00018,0.01342,0,0.02247,0,0.00034,0.00024,0.00181,0,0
188,RF11,RF,0,0.13096,0,0,0,2.65974,0.15655,0,0.1978,0,0,0,0,0.00559,0,0,0,0,0,0,0,0,0,0,0,0,0,0,0,0,0,0,0.00312,0,0,0.00015,0,0,0.00223,0,0,0,0,0.00016,0,0.00031,0.00032,0,0,0,0.00045,0,16.66261,0,0.03439,0,0,3.55678,0.00522,0,0,0,0.00617,0.00038,3.33591,0,0.09991,0.00841,0.82815,0,0.01983,0,0,0,0,0,0,0.01652,0.08315,0,0.01096,0,0.01442,0,0.00051,0.0004,0.00275,0,0
189,RF12,RF,0,0.17623,0,0,0.08471,1.45164,0.11204,0,0.43595,0,0,0,0,0.00546,0,0,0,0,0,0,0,0,0,0,0,0,0,0,0,0,0,0,0.00598,0,0,0,0,0.12841,0.00222,0,0,0,0.00018,0.00013,0,0.0003,0.00032,0,0,0,0.01397,0,13.83739,0,0.04018,0,0,3.68467,0.00482,0,0.00024,0,0.00503,0.0005,5.941,0,0.27987,0.00561,0.28595,0.03292,0.02019,0.00735,0,0,0.00027,0,0,0.00742,0.13791,0.0001,0.03698,0,0.02967,0,0.00027,0.00044,0.002,0,0
