sample_id,site,OM,ENR,CEC,pH,BpH,Phosphorus,Potassium,Calcium,Magnesium,Sulfur,Sodium,Zinc,Manganese,Iron,Copper,Boron
1 BLDTT0,BLDTT,4.3,124,8.1,6.8,6.91,18,180,1193,178,3,7,2.3,321,78,1.5,0.5
1 BLDTT11,BLDTT,4.7,135,6.6,6,6.83,22,195,781,138,5,9,1.9,85,76,1,0.4
1 BLDTT12,BLDTT,4.6,133,6.6,6.1,6.84,23,266,770,131,5,9,1.6,78,82,0.9,0.3
1 BLDTT13,BLDTT,4.9,138,6.8,6.1,6.84,24,270,741,175,1,9,2.2,76,80,1.1,0.3
1 BLDTT14,BLDTT,5.4,148,7.3,5.8,6.79,32,229,766,172,8,9,2.6,64,87,1,0.3
1 BLDTT15,BLDTT,4.5,130,7.1,6.1,6.83,25,335,751,177,8,9,2,76,81,1.2,0.4
1 BLDTT16,BLDTT,5,140,7.1,6,6.82,14,152,859,151,10,9,1.7,163,79,1.1,0.4
1 BLDTT17,BLDTT,5,139,7.6,6.3,6.85,15,233,931,180,6,7,2,129,70,1.3,0.4
1 BLDTT18,BLDTT,4.7,134,7,5.7,6.78,19,112,790,144,5,8,2,94,95,1.5,0.4
1 BLDTT19,BLDTT,4.8,134,8.6,6.4,6.85,18,325,1042,201,3,9,2.3,102,87,1.4,0.5
1 BLDTT2,BLDTT,4.9,135,9,6.8,6.9,15,177,1335,188,3,7,3,308,68,1.4,0.6
1 BLDTT20,BLDTT,4.6,132,7.3,6.1,6.83,19,237,871,159,9,9,2.8,101,104,1.3,0.4
1 BLDTT21,BLDTT,5.6,150,8.1,6.2,6.83,16,281,967,184,5,9,3.4,150,108,1.4,0.5
1 BLDTT22,BLDTT,5.1,143,6.5,6,6.83,17,274,762,110,5,7,2.3,123,97,1.5,0.4
1 BLDTT23,BLDTT,4.9,140,5.9,5.6,6.79,16,127,659,98,9,8,2.1,104,160,1.7,0.4
1 BLDTT24,BLDTT,5.9,150,5.9,5.1,6.71,30,117,531,82,7,8,2.4,140,109,1.4,0.3
1 BLDTT25,BLDTT,5,145,3.7,5.7,6.85,19,134,402,65,4,8,2.2,101,109,1.1,0.2
1 BLDTT26,BLDTT,4.1,124,5.3,6.3,6.87,20,216,618,122,5,9,2.3,171,119,1.6,0.3
1 BLDTT27,BLDTT,4,124,4.1,5.8,6.85,18,143,445,82,3,9,1.5,240,125,1.5,0.2
1 BLDTT28,BLDTT,5.9,150,6.9,6.2,6.85,23,205,901,127,10,9,3.1,229,151,1.8,0.5
1 BLDTT29,BLDTT,5.3,149,4.9,5.8,6.84,20,136,574,84,6,9,2.6,243,211,2,0.4
1 BLDTT3,BLDTT,5.6,147,10.2,7,6.93,16,249,1498,247,5,8,3.1,328,70,1.5,0.8
1 BLDTT30,BLDTT,5.3,150,4.4,5.7,6.84,22,165,476,83,11,9,2.4,245,167,1.9,0.3
1 BLDTT31,BLDTT,5.1,147,3.8,6,6.87,14,61,510,56,6,9,1.3,193,116,1,0.3
1 BLDTT32,BLDTT,3.8,117,6.4,6,6.83,20,136,851,90,16,11,2.4,273,191,2,0.5
1 BLDTT33,BLDTT,5.1,143,6.5,5.9,6.82,17,99,869,97,9,9,2,232,181,1.8,0.4
1 BLDTT34,BLDTT,5.3,148,5.8,6,6.84,14,165,736,96,10,9,2.3,253,211,2,0.5
1 BLDTT35,BLDTT,5.4,150,5.8,5.7,6.81,17,173,669,88,6,7,2.1,199,169,1.8,0.5
1 BLDTT36,BLDTT,5,142,5.9,6,6.84,13,195,703,116,6,10,1.9,186,169,1.8,0.4
1 BLDTT37,BLDTT,3.6,115,5.1,5.9,6.84,13,163,584,97,2,11,1.9,165,161,1.5,0.4
1 BLDTT38,BLDTT,5.1,142,7.2,5.9,6.81,15,191,887,122,7,8,2.5,176,174,2.2,0.5
1 BLDTT39,BLDTT,5.6,150,7.6,5.6,6.75,12,140,861,136,3,7,2.1,105,132,1.8,0.4
1 BLDTT4,BLDTT,5.4,145,9.1,6.9,6.92,13,143,1284,266,8,9,3,324,84,1.8,0.7
1 BLDTT40,BLDTT,5.3,146,7.3,5.7,6.78,13,276,749,151,12,9,1.7,105,138,1.6,0.3
1 BLDTT41,BLDTT,3.2,102,8.3,6,6.8,13,311,914,192,4,8,1.8,104,131,1.6,0.5
1 BLDTT42,BLDTT,4.1,121,7.9,5.8,6.78,11,186,906,166,3,8,2,97,122,1.9,0.4
1 BLDTT43,BLDTT,4.6,132,7.3,5.7,6.78,12,210,787,153,1,8,1.6,87,109,1.3,0.4
1 BLDTT44,BLDTT,5.3,144,8.3,6.2,6.83,13,317,1035,150,6,7,1.8,91,74,1.6,0.5
1 BLDTT45,BLDTT,5.2,143,7.8,5.6,6.75,15,191,844,150,12,9,1.9,98,122,1.3,0.3
1 BLDTT46,BLDTT,5.4,142,11.4,6.6,6.86,14,135,1696,218,8,7,2.8,218,66,1.2,0.8
1 BLDTT5,BLDTT,3.2,102,8.3,6,6.8,7,146,996,196,5,9,1.5,153,84,1.2,0.4
1 BLDTT6,BLDTT,3.5,111,6.5,6.6,6.89,11,155,837,176,5,9,1.2,131,73,1.1,0.3
1 BLDTT7,BLDTT,3.1,104,5.4,6,6.85,8,104,668,111,1,9,0.9,115,66,0.8,0.2
1 BLDTT8,BLDTT,3.6,113,6.6,6,6.83,8,110,852,118,5,9,1.2,131,75,1,0.2
1 BLDTT9,BLDTT,2.89,101,4.8,6,6.86,11,113,627,74,5,7,1.1,112,61,0.9,0.2
1BLDTT1,BLDTT,4.8,132,9.5,6.8,6.9,14,158,1375,226,4,9,2.5,310,89,1.5,0.7
8 BLDTT0,BLDTT,5.5,144,11.5,6.9,6.91,19,243,1615,309,7,8,3.4,339,92,1.6,0.8
8 BLDTT10,BLDTT,4.9,138,7.2,6.2,6.84,25,206,859,173,9,8,2,88,86,1.1,0.3
8 BLDTT11,BLDTT,5.5,149,7.4,6.6,6.89,22,188,947,214,7,9,1.9,87,73,0.9,0.5
8 BLDTT12,BLDTT,5.2,145,6.4,6.1,6.84,26,224,786,112,5,7,1.8,72,66,0.9,0.3
8 BLDTT13,BLDTT,5,139,7.8,6,6.81,25,320,827,187,11,10,2.3,88,90,1.2,0.3
8 BLDTT14,BLDTT,5.2,144,7.3,5.8,6.79,25,192,813,157,10,9,2.9,57,86,1.1,0.3
8 BLDTT15,BLDTT,5.5,148,8.6,6.3,6.84,21,291,1017,221,5,9,2.2,96,80,0.9,0.5
8 BLDTT16,BLDTT,5.3,142,9.5,6.1,6.8,15,193,1183,212,11,9,2.2,200,83,1.2,0.6
8 BLDTT17,BLDTT,5,138,8.5,6.3,6.84,15,237,988,240,9,9,2.2,145,92,1.4,0.4
8 BLDTT18,BLDTT,5.2,144,7.3,5.8,6.79,22,154,821,167,7,9,2.6,100,111,1.4,0.4
8 BLDTT19,BLDTT,5.5,147,9,6.4,6.85,20,321,1097,217,6,9,2.6,100,88,1.2,0.5
8 BLDTT2,BLDTT,5.9,150,9.3,6.3,6.83,24,180,1194,221,10,9,3.2,298,92,1.3,0.6
8 BLDTT20,BLDTT,4.7,134,7.1,6.2,6.84,21,243,838,160,6,10,3,98,108,1.3,0.4
8 BLDTT21,BLDTT,6,150,8.3,6.6,6.88,16,335,1028,214,12,9,3.8,147,112,1.5,0.5
8 BLDTT22,BLDTT,5.6,150,6.8,6.1,6.84,20,218,824,141,8,10,2.2,119,120,1.2,0.4
8 BLDTT23,BLDTT,5.9,150,7.1,5.9,6.81,21,200,866,123,10,8,2.4,115,124,1.6,0.4
8 BLDTT24,BLDTT,6.1,150,7.3,5.8,6.79,26,157,848,148,8,9,2.6,151,145,1.6,0.4
8 BLDTT25,BLDTT,4.8,138,5.7,5.9,6.83,25,275,651,85,9,7,2.2,146,119,1.7,0.4
8 BLDTT26,BLDTT,4.1,124,5.3,5.8,6.83,18,165,591,103,6,10,2,185,144,1.6,0.3
8 BLDTT27,BLDTT,5.1,145,5.2,5.9,6.84,22,172,607,94,5,7,2.1,238,147,1.8,0.4
8 BLDTT28,BLDTT,5.6,150,7.3,6,6.82,23,217,911,131,7,10,3.4,259,181,2.1,0.5
8 BLDTT29,BLDTT,6.5,150,5.7,5.9,6.83,24,209,670,90,12,7,2.8,267,164,1.8,0.4
8 BLDTT3,BLDTT,6.8,150,12.9,6.9,6.91,21,262,1737,390,17,12,4.1,337,82,1.6,1
8 BLDTT30,BLDTT,5.5,150,4.6,5.6,6.82,23,80,523,73,8,9,2.4,253,196,1.6,0.4
8 BLDTT31,BLDTT,5.8,150,7.3,6.2,6.84,20,116,1036,107,1,9,2.3,296,159,1.9,0.5
8 BLDTT32,BLDTT,5.1,143,6.6,6.1,6.84,20,128,932,80,10,8,2.7,262,169,2,0.5
8 BLDTT33,BLDTT,4.8,136,7.2,5.9,6.81,15,135,932,109,10,9,2.3,283,175,2.1,0.5
8 BLDTT34,BLDTT,6.4,150,6,6.3,6.87,17,278,764,97,7,9,2.4,266,191,1.7,0.5
8 BLDTT35,BLDTT,5.6,150,6.3,5.8,6.81,15,162,745,112,6,9,2.4,221,233,2,0.5
8 BLDTT36,BLDTT,3.4,109,6.2,6.1,6.84,13,293,709,121,6,10,2,199,193,1.7,0.5
8 BLDTT37,BLDTT,4.4,129,6.4,6,6.83,13,184,809,101,4,7,2.1,176,143,1.8,0.5
8 BLDTT38,BLDTT,5.5,150,7.1,6,6.82,14,209,855,143,9,8,2.4,175,202,1.9,0.5
8 BLDTT39,BLDTT,5.7,150,8.7,5.9,6.78,16,178,1007,201,7,9,2.4,111,177,1.8,0.5
8 BLDTT4,BLDTT,5.7,149,10.2,6.8,6.9,16,249,1378,285,6,9,2.9,333,95,1.3,0.7
8 BLDTT40,BLDTT,5.7,150,8.1,5.9,6.79,15,228,909,186,11,10,2.1,110,164,1.8,0.4
8 BLDTT41,BLDTT,3.9,117,7.8,6.3,6.85,16,290,960,166,13,7,1.9,104,108,1.6,0.5
8 BLDTT42,BLDTT,4.4,128,7.1,6,6.82,13,234,870,122,10,7,1.6,90,95,1.7,0.3
8 BLDTT43,BLDTT,4.9,138,7,5.8,6.8,15,217,768,157,8,8,1.7,79,104,1.2,0.4
8 BLDTT44,BLDTT,5.9,150,7.5,6.4,6.86,14,224,966,167,3,7,1.8,95,70,1.4,0.4
8 BLDTT45,BLDTT,6.1,150,8.2,6,6.8,17,298,901,194,8,9,2.4,89,118,1.3,0.4
8 BLDTT46,BLDTT,4.8,134,8.6,6.6,6.88,12,137,1277,156,2,8,2.1,204,59,0.9,0.6
8 BLDTT5,BLDTT,5.4,145,9.1,6,6.79,22,219,1050,227,10,9,3,135,99,1.3,0.5
8 BLDTT6,BLDTT,5.5,147,9.1,6.2,6.82,28,308,969,284,9,10,2.7,154,88,1.1,0.5
8 BLDTT7,BLDTT,4.5,131,6,6,6.84,21,165,686,147,6,9,1.6,110,86,1,0.3
8 BLDTT8,BLDTT,5,140,6.8,5.9,6.81,26,181,766,153,6,10,2.1,103,107,1.1,0.3
8 BLDTT9,BLDTT,4.7,136,5.9,6,6.84,25,180,690,121,11,7,1.9,109,81,1,0.3
8BLDTT1,BLDTT,5.4,146,8.5,6.5,6.87,16,188,1117,221,7,8,2.7,261,82,1.2,0.6
1 BLDTT47,BLDTT,3.8,116,7.2,6.1,6.83,15,148,889,163,5,9,1.6,140,100,1.1,0.4
1 BLDTT48,BLDTT,4.3,124,8.1,6.2,6.83,14,240,1038,157,3,7,1.6,186,81,1.3,0.4
1 BLDTT49,BLDTT,5.7,150,9.9,6.8,6.9,13,207,1440,220,2,8,2,252,77,1.2,0.8
1 BLDTT50,BLDTT,5.7,149,10.7,6.5,6.85,14,168,1538,204,3,9,2.2,144,82,1.2,0.6
1 BLDTT51,BLDTT,4.5,132,5.3,6.3,6.87,11,103,638,142,7,8,1.3,143,75,0.9,0.3
1 BLDTT52,BLDTT,5,137,9,5.7,6.74,18,192,1018,179,7,8,2.3,172,82,1.2,0.4
8 BLDTT47,BLDTT,4.4,127,7.5,6.1,6.83,16,150,956,152,10,9,1.6,157,110,1.1,0.5
8 BLDTT48,BLDTT,4.6,130,8.3,6.5,6.87,12,242,1092,186,11,8,1.7,194,86,1.3,0.5
8 BLDTT49,BLDTT,6.5,150,11.3,6.8,6.9,25,178,1655,263,6,12,3.2,255,102,1.3,0.9
8 BLDTT50,BLDTT,5.5,145,10.7,6.3,6.82,13,217,1369,259,6,9,2.3,160,93,1.3,0.7
8 BLDTT51,BLDTT,3.1,109,2.2,6.5,6.91,8,36,281,59,2,7,0.6,83,51,0.3,0.2
8 BLDTT52,BLDTT,5.3,144,8.1,6.1,6.82,29,315,969,154,6,7,3.1,107,86,1.2,0.6
BLDRV1-,BLDRV,4.6,131,7.6,6.2,6.84,10,235,984,134,5,7,1.6,22,56,0.8,0.4
BLDRV12,BLDRV,4.6,131,7.4,6.2,6.84,13,253,937,140,4,7,1.7,28,57,0.7,0.5
BLDRV19,BLDRV,3.8,117,6.1,6.2,6.86,22,178,739,149,6,8,1.6,83,90,0.6,0.3
BLDRV2,BLDRV,4.3,127,6.5,6.1,6.84,9,201,790,129,7,8,1.6,37,71,0.7,0.3
BTU1,BTU,4.4,125,9.2,6.8,6.9,17,121,1488,130,1,13,7.5,80,132,4.6,0.7
BTU2,BTU,3.8,116,7.2,6.7,6.9,12,79,1146,108,3,10,5.9,69,112,4.5,0.6
BTU3,BTU,5.6,145,11.9,6.1,6.77,27,170,1599,219,2,13,12.1,55,134,4.2,0.7
BTU4,BTU,5,138,8.6,6.9,6.92,15,105,1407,137,1,10,4.9,71,138,3.5,0.9
BTU5,BTU,4.2,122,8.1,6.6,6.88,11,70,1294,113,4,11,4.8,60,142,3.5,0.7
BTU6,BTU,6.1,150,5.1,5.9,6.84,9,92,629,90,7,10,2.1,33,117,2.4,0.2
BTU7,BTU,5.5,148,8.4,6,6.8,8,76,1193,109,2,11,4.1,41,163,3.6,0.4
BTU8,BTU,4.5,128,8.5,6.2,6.83,15,100,1282,94,4,8,7.6,39,119,3.1,0.4
KCKT10,KCKT,3.7,116,5.3,5.8,6.83,56,45,709,67,5,11,2,16,141,2,0.4
KCKT111,KCKT,4.1,121,7.5,6.3,6.85,34,58,1124,102,3,14,3.1,28,153,0.7,0.4
KCKT112,KCKT,3.2,110,2.8,5.4,6.85,18,45,273,54,9,11,3.3,9,171,0.7,0.3
KCKT113,KCKT,6.3,150,4.8,4.9,6.72,18,40,420,59,8,9,3.5,11,162,0.7,0.3
KCKT116,KCKT,4.8,140,4.1,5.3,6.8,47,46,443,54,4,9,3.7,12,147,0.8,0.3
KCKT118,KCKT,3.6,116,4.1,5.4,6.81,31,43,484,42,7,9,2.9,15,138,0.8,0.3
KCKT12,KCKT,4,126,3.1,5.5,6.85,67,28,369,42,7,8,1.6,8,116,0.6,0.2
KCKT13,KCKT,3.2,107,5.2,5.7,6.82,33,35,672,71,7,10,2.8,12,135,0.7,0.3
KCKT14,KCKT,3.6,116,4.5,5.8,6.84,43,36,594,62,6,12,2,14,171,4.6,0.3
KCKT17,KCKT,7.3,150,8.6,5.5,6.71,42,47,1024,126,6,19,3.1,17,231,0.9,0.4
KCKT18,KCKT,4.9,140,5.4,5.7,6.82,35,46,675,88,6,14,2.2,15,166,0.6,0.2
KCKT19,KCKT,5.6,150,8.5,6.4,6.85,30,32,1330,108,7,15,2.3,27,217,0.6,0.5
SKYT10,SKYT,8.6,150,13.2,6.1,6.75,60,470,1573,277,4,10,2.8,60,130,1.3,0.7
SKYT11,SKYT,8.2,150,12.7,5.9,6.71,45,279,1524,250,7,11,2.9,57,142,1.4,0.6
SKYT110,SKYT,6.7,150,8.2,5.7,6.76,19,295,930,127,6,8,2.4,31,94,0.8,0.4
SKYT111,SKYT,4.7,130,9.6,5.3,6.63,21,254,993,112,11,8,2.8,30,134,1,0.5
SKYT112,SKYT,5.1,138,9.6,5.5,6.68,26,265,1041,144,6,8,2.8,28,112,0.9,0.5
SKYT113,SKYT,5.6,147,10.3,5.5,6.66,23,254,1122,162,7,8,3,30,98,0.8,0.4
SKYT114,SKYT,6,150,10.2,5.1,6.55,22,190,942,134,6,10,2.1,23,132,0.9,0.4
SKYT115,SKYT,5.9,150,9.6,5.5,6.68,24,195,1045,156,8,10,2.1,32,125,0.9,0.4
SKYT116,SKYT,6.2,150,9.9,5.4,6.65,26,228,1051,151,6,10,2.1,29,114,0.8,0.4
SKYT117,SKYT,6.8,150,9.2,5,6.55,22,205,775,120,9,10,2.2,24,142,0.7,0.3
SKYT118,SKYT,6.1,150,9.8,5.4,6.65,21,293,1013,140,8,10,2.3,28,119,0.8,0.4
SKYT119,SKYT,6.5,150,9,5.5,6.7,25,225,985,136,12,10,2.4,26,110,0.8,0.4
SKYT12,SKYT,4.8,131,10.8,5.8,6.72,58,303,1315,162,12,8,3,62,126,1.5,0.6
SKYT120,SKYT,4.7,131,8.8,5.4,6.68,24,254,907,133,9,9,2.1,23,114,0.7,0.4
SKYT121,SKYT,4.5,130,7.2,5.3,6.71,22,196,719,102,7,8,1.7,20,99,0.7,0.3
SKYT122,SKYT,4.5,129,7.8,5.5,6.73,22,169,859,124,4,9,1.8,24,112,0.8,0.4
SKYT123,SKYT,5,141,6,5.3,6.74,20,96,649,72,7,7,2,27,85,0.8,0.3
SKYT124,SKYT,5.5,147,9.2,5.1,6.58,20,160,848,125,10,10,2.3,65,224,1.1,0.5
SKYT125,SKYT,6.5,150,8.3,5.3,6.67,19,173,877,100,7,7,2.2,52,125,0.8,0.3
SKYT126,SKYT,5.9,150,6,5.4,6.76,14,164,632,80,9,7,1.7,26,78,0.7,0.2
SKYT127,SKYT,6.9,150,10,5.2,6.59,117,188,1009,129,8,10,8.9,57,157,1.1,0.4
SKYT128,SKYT,6.3,150,8.8,5.2,6.63,24,265,808,121,9,10,2.5,44,127,0.9,0.3
SKYT129,SKYT,4.7,132,8.2,5.4,6.7,23,237,876,106,9,8,2.4,58,108,1.1,0.4
SKYT13,SKYT,5.3,139,11.6,5.8,6.71,68,399,1309,216,8,10,3.4,53,149,1.4,0.7
SKYT130,SKYT,5,136,9.5,5.1,6.57,21,201,868,124,7,10,2.7,44,138,1,0.3
SKYT14,SKYT,5.8,150,10.8,5.6,6.68,53,347,1208,160,8,8,2.8,44,121,1.3,0.4
SKYT15,SKYT,5.8,150,10,5.6,6.7,43,325,1142,134,13,8,2.8,47,116,1.1,0.5
SKYT16,SKYT,5.7,150,8.1,5.7,6.76,27,268,959,106,6,8,2.1,39,104,1,0.4
SKYT17,SKYT,6.3,150,9.1,4.9,6.53,28,204,731,101,5,10,3.9,45,175,1.1,0.4
SKYT18,SKYT,11.9,150,11.2,4.8,6.41,61,201,870,129,11,9,7.6,44,173,0.9,0.3
SKYT19,SKYT,8.5,150,8.5,5.1,6.61,35,413,598,143,11,10,3.7,30,153,0.8,0.4
WARTT10,WARTT,2.2,88,4,5.9,6.86,74,79,426,111,10,8,2.3,32,86,0.4,0.2
WARTT11,WARTT,2.5,93,5.2,5.1,6.73,72,57,394,130,4,11,2.6,36,114,0.4,0.2
WARTT110,WARTT,2.1,87,3.8,4.9,6.76,78,84,250,66,8,30,2.6,34,102,0.4,0.2
WARTT111,WARTT,1.4,74,3,4.9,6.8,109,57,211,58,8,9,2.3,31,94,0.3,0.2
WARTT112,WARTT,2.3,92,2.6,4.8,6.81,63,41,174,42,8,12,1.6,22,99,0.5,0.1
WARTT113,WARTT,1.6,78,3.1,6.1,6.89,50,65,360,85,5,12,1.9,22,69,0.3,0.1
WARTT114,WARTT,6.8,150,3.1,5.9,6.88,75,59,357,69,8,10,2.2,26,110,0.3,0.2
WARTT115,WARTT,0.8,63,2.3,5.9,6.89,42,52,249,56,4,10,1.4,17,75,0.4,0.1
WARTT116,WARTT,1.6,78,2.8,6,6.89,65,64,300,77,5,11,1.4,19,111,0.4,0.2
WARTT117,WARTT,1.5,75,3.3,5.4,6.84,67,91,310,66,8,8,2,23,80,0.4,0.2
WARTT118,WARTT,0.9,65,2.1,6.1,6.9,63,66,235,52,1,8,1.7,20,79,0.4,0.2
WARTT119,WARTT,1.7,79,3.3,5.1,6.81,60,70,258,63,9,13,2.1,27,118,0.3,0.2
WARTT12,WARTT,2.4,90,5.6,5.3,6.76,83,66,485,144,7,13,3,33,116,0.5,0.2
WARTT120,WARTT,1.5,75,3.2,5.2,6.82,42,53,277,66,7,11,2,24,119,0.4,0.2
WARTT121,WARTT,0.8,63,2,5.6,6.88,27,42,193,46,4,11,1.4,20,60,0.2,0.1
WARTT122,WARTT,1.5,75,3.2,5.7,6.86,47,93,301,82,8,10,2.2,27,102,0.3,0.2
WARTT123,WARTT,1.1,68,2.5,5.3,6.85,45,45,232,46,6,9,2.1,32,89,0.3,0.1
WARTT124,WARTT,1.5,77,2.2,5.3,6.86,40,47,200,40,5,8,1.9,27,69,0.3,0.1
WARTT13,WARTT,2.6,96,4,6,6.87,79,73,423,126,9,9,3,35,97,0.4,0.2
WARTT14,WARTT,2.1,85,4.8,6.1,6.86,71,83,512,155,6,10,3,30,103,0.5,0.2
WARTT15,WARTT,2.1,84,5.7,5.6,6.8,80,115,545,163,5,11,3.2,34,111,0.4,0.3
WARTT16,WARTT,2.1,87,3.8,5.7,6.85,68,54,375,115,6,10,2.6,28,98,0.4,0.2
WARTT17,WARTT,2.3,90,4.3,6.2,6.88,67,74,515,119,7,11,2.1,24,101,0.5,0.3
WARTT18,WARTT,2.1,86,4,5.4,6.82,67,67,360,96,9,18,2.1,28,111,0.5,0.2
WARTT19,WARTT,1.8,81,3.7,4.9,6.77,94,61,263,68,8,13,2.6,31,126,0.4,0.1
BTU10,BTU,5.9,150,9.5,5.6,6.71,11,181,1063,171,8,11,3.8,55,160,4.6,0.4
BTU11,BTU,6.1,150,8.4,5.7,6.75,7,66,1096,105,2,11,4.2,31,209,4.3,0.4
BTU12,BTU,4.6,132,6.9,5.9,6.81,7,70,960,85,6,10,3.5,30,171,3.9,0.3
BTU13,BTU,6.1,150,8.9,6,6.79,13,132,1178,145,3,8,3.5,47,116,4,0.5
BTU15,BTU,5.6,148,9.7,6,6.78,9,105,1358,126,1,12,4.7,47,209,4.3,0.4
BTU16,BTU,5.7,150,9.1,5.8,6.76,9,86,1268,99,6,9,5.8,42,161,3.7,0.5
BTU17,BTU,6.8,150,6.9,6.3,6.86,11,96,1046,79,4,10,4.8,33,125,3.4,0.4
BTU18,BTU,5.9,150,9.6,5.8,6.75,10,139,1227,151,1,10,4.1,39,182,4.6,0.5
BTU19,BTU,6.9,150,9.5,5.9,6.77,10,124,1299,129,2,9,4.6,33,153,4.6,0.5
BTU20,BTU,5.4,147,7.5,5.7,6.77,8,214,810,151,8,10,3.4,52,161,5.5,0.4
BTU9,BTU,6.5,150,8.2,5.5,6.72,12,183,875,144,8,8,4.3,49,133,3.6,0.4
LFS1,LFS,27,150,14.1,5,6.35,148,101,1370,139,29,15,15.9,49,105,0.7,0.5
LFS2,LFS,45.2,150,20.4,5.9,6.58,138,109,2764,326,22,16,44.6,96,104,1.2,0.8
SLG11,SLG,13.7,150,20.1,7.1,6.93,48,135,3199,447,13,15,3.9,74,99,1.2,1
SLG12,SLG,6.9,150,13.2,6.9,6.91,23,84,2110,264,11,13,1.5,50,90,1,0.8
SLG13,SLG,11,150,14.9,6.9,6.91,29,119,2207,400,13,14,1.5,62,91,0.8,0.7
SLG14,SLG,6.8,150,15.7,7.3,6.93,25,72,2669,257,11,13,3.5,53,88,1.5,1
SLG15,SLG,10.4,150,11.3,6.6,6.86,35,113,1614,266,10,14,2.5,44,74,0.7,0.5
SLG16,SLG,6.8,150,8.9,6.7,6.89,60,81,1296,208,7,13,2.4,48,79,0.7,0.4
SLG17,SLG,9.4,150,15.7,6.8,6.88,76,75,2427,334,13,13,4.1,53,118,1.5,0.9
SLG18,SLG,8.6,150,17.4,7.1,6.93,66,60,2876,341,12,14,8.7,66,129,1.9,1.1
SLG19,SLG,7.2,150,15,7.1,6.93,62,64,2599,216,7,13,7,54,97,1.3,0.8
SLG20,SLG,5.9,149,13,7.3,6.93,102,91,2073,269,8,38,4,50,113,1.3,0.8
SLG21,SLG,6.1,150,9.8,6.6,6.87,65,100,1421,209,11,14,5.3,47,87,1.1,0.5
SLG22,SLG,7.8,150,14,7.1,6.93,67,77,2166,348,11,14,4.4,51,135,1.6,0.9
SLG23,SLG,7.7,150,14.7,7.1,6.93,74,89,2318,335,12,14,5.1,56,131,1.8,1
FRW1,FRW,9.8,150,13.6,6.4,6.81,26,170,2184,120,8,18,5.7,40,110,2.6,0.7
FRW10,FRW,8.3,150,12.6,6.8,6.89,27,123,2203,102,8,16,4.1,45,94,2.7,0.7
FRW2,FRW,6.7,150,12.4,6.8,6.89,36,131,2118,115,9,16,4.6,50,103,2.5,0.7
FRW3,FRW,11.2,150,15,6.4,6.8,25,133,2437,127,9,21,6.4,50,112,2.4,0.9
FRW4,FRW,11.5,150,15.2,6.6,6.84,27,157,2548,133,8,16,5.5,45,117,2.6,1
FRW5,FRW,10.3,150,14,6.6,6.85,25,140,2339,125,6,18,4.5,45,103,2.6,0.8
FRW6,FRW,12.8,150,15.2,6.3,6.77,34,152,2392,143,9,19,5,37,113,2.3,0.8
FRW8,FRW,11.3,150,15.5,6.7,6.86,39,180,2620,132,11,36,6,46,109,2.4,1
FRW9,FRW,9,150,13.1,6.4,6.81,24,191,2077,112,8,16,3.9,41,113,2.2,0.7
RRL1,RRL,19.4,150,9.5,5.9,6.77,10,180,1200,153,8,38,2.2,68,82,4.1,0.3
RRL10,RRL,15.2,150,4.6,5.3,6.79,6,91,442,79,11,17,1.1,86,96,3,0.2
RRL11,RRL,21.4,150,8.8,5.5,6.7,8,105,1013,133,11,18,2.5,130,110,3.3,0.2
RRL12,RRL,17.9,150,9.6,5.6,6.71,8,144,1107,169,10,18,2.5,115,92,3.5,0.3
RRL13,RRL,15.3,150,7.9,5.6,6.75,7,118,919,129,8,18,2.3,73,76,2.9,0.3
RRL14,RRL,14.2,150,6.3,6.2,6.85,7,138,788,133,6,17,2.4,97,62,1.6,0.3
RRL15,RRL,13.8,150,7.6,5.9,6.8,8,132,935,146,8,19,3.1,77,94,2.8,0.2
RRL16,RRL,12.4,150,6.4,5.4,6.75,7,184,646,102,11,17,1.9,74,75,2.7,0.2
RRL17,RRL,14.7,150,6.7,6,6.83,9,172,824,133,7,16,2.6,87,76,1.8,0.2
RRL18,RRL,12.6,150,7.7,6.2,6.84,7,134,1028,151,8,19,2.7,94,90,1.9,0.3
RRL19,RRL,10.5,150,6.8,6.3,6.86,7,144,863,156,5,20,2.5,116,78,1.5,0.2
RRL2,RRL,21.3,150,8.4,6,6.8,9,170,1069,148,12,19,3,93,75,4.5,0.4
RRL20,RRL,13.1,150,4.4,5,6.75,7,97,355,64,12,17,1.1,56,83,1.9,0.2
RRL21,RRL,11.2,150,4.2,5.6,6.83,5,143,402,85,7,16,1.5,35,81,2.5,0.2
RRL22,RRL,15.7,150,7.5,5.8,6.79,8,155,870,149,6,18,2.3,91,73,2.1,0.3
RRL3,RRL,22.5,150,7.1,5.9,6.81,16,119,853,153,13,18,3.8,97,100,2.9,0.2
RRL4,RRL,28.9,150,8.1,5.5,6.72,17,114,878,148,11,17,3.1,79,131,2.6,0.2
RRL5,RRL,25.6,150,8.4,6,6.8,17,139,1059,162,11,18,4.7,130,103,1.9,0.3
RRL6,RRL,12.5,150,5.4,5.7,6.82,8,152,576,112,10,17,1.6,90,83,2.7,0.2
RRL7,RRL,14.9,150,7.7,5.8,6.78,8,149,902,148,8,18,2.2,115,81,3.4,0.2
RRL8,RRL,11.3,150,5.1,5.1,6.74,5,116,428,86,11,17,1.5,62,82,3.1,0.2
RRL9,RRL,17.6,150,4.8,5.4,6.79,11,107,471,89,13,17,2.1,72,98,3.4,0.2
FRW11,FRW,9.9,150,14.4,7,6.93,32,120,2609,121,8,15,5.8,51,112,2.9,0.9
FRW12,FRW,11.9,150,12.8,6.6,6.85,25,137,2098,130,7,20,4.7,49,94,1.8,0.9
FRW13,FRW,8.6,150,14.9,6.7,6.86,48,285,2458,133,8,20,5.4,48,101,2.7,1
FRW14,FRW,7.9,150,14.6,6.8,6.89,31,192,2507,128,7,17,5.6,46,104,3.3,0.9
FRW15,FRW,12.2,150,16.9,6.6,6.83,30,272,2717,179,8,20,5.4,65,101,2.3,1.2
FRW16,FRW,10.1,150,14.7,6.5,6.82,42,319,2308,145,9,19,4.9,48,107,2.5,0.9
FRW17,FRW,11.8,150,13,5.9,6.71,47,243,1773,143,11,18,5.2,36,125,2.2,0.6
FRW18,FRW,13.2,150,14.5,6.3,6.78,34,276,2159,171,9,19,5.7,40,119,2.6,0.7
FRW19,FRW,12.3,150,17,6.2,6.72,39,162,2596,175,6,19,5.7,61,106,2.8,0.9
FRW20,FRW,12.2,150,17.5,6.7,6.85,39,136,2996,151,10,22,7.3,74,121,6,1
FRW21,FRW,10.9,150,16.7,6.9,6.91,45,123,2971,149,10,20,6.9,61,110,11.3,1.1
FRW22,FRW,13.9,150,14.2,5.9,6.69,31,182,1981,165,9,17,5.6,43,116,3,0.7
MMP1,MMP,29.1,150,12.1,5.1,6.48,53,99,1205,145,20,16,11.1,30,73,0.5,0.3
MMP10,MMP,24.3,150,12.4,5.6,6.64,46,151,1442,216,21,16,9.6,34,56,0.5,0.4
MMP11,MMP,24.2,150,11,5,6.48,67,117,996,141,17,18,7.3,23,52,0.5,0.2
MMP12,MMP,26.3,150,11.9,5.3,6.56,57,137,1199,212,17,15,9.1,31,52,0.5,0.4
MMP13,MMP,32,150,14.2,5.9,6.69,72,232,1714,311,20,16,11.8,54,58,0.6,0.6
MMP14,MMP,43.6,150,21.5,6,6.6,103,165,2932,361,20,14,18.2,57,59,0.8,0.8
MMP15,MMP,30.3,150,20.8,4.9,6.1,80,138,1856,237,20,15,11.1,42,72,0.5,0.5
MMP16,MMP,24.8,150,12.3,5.7,6.67,95,182,1529,179,25,14,13.9,84,70,0.5,0.4
MMP17,MMP,37.9,150,16.7,5.8,6.61,97,128,2190,260,24,16,17.9,44,69,0.6,0.6
MMP18,MMP,29,150,10.7,5,6.49,38,94,1013,116,21,17,10.2,20,68,0.4,0.3
MMP19,MMP,35.2,150,14.7,6.1,6.73,110,140,2004,272,21,17,13.6,60,71,0.6,0.7
MMP2,MMP,28.5,150,15.8,5.8,6.63,50,136,2071,249,18,15,9.3,35,54,0.6,0.5
MMP3,MMP,33.5,150,12.7,5.4,6.57,78,108,1433,189,21,15,11.3,34,64,0.5,0.4
MMP4,MMP,30.5,150,16.3,5.6,6.55,69,138,2009,244,21,15,11.8,43,56,0.5,0.5
MMP5,MMP,31.8,150,13.2,5.6,6.62,46,122,1614,199,20,15,9.6,28,51,0.6,0.4
MMP6,MMP,24.9,150,13,5.3,6.53,39,136,1373,202,19,15,6.2,23,45,0.5,0.4
MMP7,MMP,28.3,150,17.9,5.6,6.51,48,129,2234,255,22,18,12.7,36,65,0.6,0.4
MMP8,MMP,28.2,150,17.1,6,6.67,69,145,2285,316,21,15,14.1,44,56,0.6,0.6
MMP9,MMP,28.2,150,15.1,5.7,6.61,61,141,1855,267,19,15,12.6,37,60,0.6,0.5
CMB1,CMB,31.3,150,10.6,4.4,6.27,60,129,597,74,29,16,10.9,52,200,0.4,0.2
CMB10,CMB,26.2,150,9.4,4.6,6.42,79,98,620,104,27,15,11.9,23,107,0.7,0.2
CMB11,CMB,32.7,150,8.4,4.8,6.54,105,95,649,115,25,14,11.1,25,97,0.5,0.2
CMB12,CMB,32.1,150,8.4,4.7,6.51,44,97,619,95,24,14,9.2,18,74,0.5,0.2
CMB13,CMB,29.2,150,9.8,4.9,6.5,60,91,805,139,20,14,11.5,19,80,0.5,0.2
CMB14,CMB,33,150,8.4,4.8,6.54,60,81,665,102,25,18,10.9,17,88,0.5,0.2
CMB15,CMB,29.4,150,8.2,5.1,6.62,36,122,713,139,22,23,11.1,16,81,0.5,0.3
CMB16,CMB,28.7,150,10.8,5.6,6.68,51,155,1222,208,22,16,12.3,21,77,0.4,0.3
CMB17,CMB,27.2,150,10.3,5.4,6.64,44,174,1132,151,22,15,14.3,22,83,0.5,0.3
CMB18,CMB,25.6,150,13.3,5.7,6.65,88,139,1557,275,18,14,13.8,29,81,0.4,0.4
CMB19,CMB,24.2,150,12.4,5.5,6.61,47,143,1371,231,18,15,14.5,20,88,0.5,0.4
CMB2,CMB,32.5,150,8.4,4.8,6.54,61,127,693,78,27,17,12.6,45,146,0.4,0.2
CMB20,CMB,23.7,150,12.3,5.1,6.47,77,111,1163,179,16,14,12.4,26,78,0.5,0.3
CMB21,CMB,31.1,150,13.9,4.9,6.32,52,105,1184,190,19,15,17,17,91,0.5,0.3
CMB22,CMB,32.4,150,9.3,5.3,6.64,72,104,925,168,22,14,11,24,88,0.4,0.3
CMB23,CMB,36.9,150,13,5.4,6.56,70,176,1436,193,20,17,19.5,33,111,0.5,0.3
CMB24,CMB,23.6,150,11.6,4.9,6.42,50,118,989,143,24,13,12.8,21,97,0.5,0.3
CMB25,CMB,30.5,150,13.3,5.8,6.68,112,171,1624,262,19,17,15.9,56,77,0.5,0.4
CMB26,CMB,24.5,150,11.6,5.4,6.6,49,172,1255,183,21,17,16.3,30,125,0.5,0.3
CMB27,CMB,27.2,150,8.6,5.3,6.66,71,164,819,159,21,16,14.7,33,80,0.5,0.3
CMB28,CMB,22.8,150,8,5.1,6.63,42,102,749,109,21,15,8.7,16,79,0.4,0.2
CMB3,CMB,33.7,150,12.5,4.8,6.35,60,143,1023,133,19,15,17.5,32,156,0.4,0.3
CMB4,CMB,33.4,150,9.6,5,6.54,81,192,829,118,28,16,15.8,51,163,0.7,0.2
CMB5,CMB,25.7,150,10.3,4.9,6.48,80,171,850,120,26,16,19.5,53,170,0.5,0.3
CMB6,CMB,34.6,150,13.7,5,6.37,71,162,1251,165,21,17,18,37,161,0.5,0.5
CMB7,CMB,39.1,150,10.9,5.3,6.59,98,166,1151,154,19,18,17.4,68,117,0.5,0.3
CMB8,CMB,23.6,150,12.4,5.5,6.61,107,124,1230,321,17,14,12.8,19,81,0.6,0.3
CMB9,CMB,27.4,150,13.7,5.2,6.46,99,140,1256,280,16,14,14.6,15,92,0.6,0.3
CMB9,CMB,27.4,150,13.7,5.2,6.46,99,140,1256,280,16,14,14.6,15,92,0.6,0.3
SLG1,SLG,14.7,150,4.6,5.3,6.79,51,69,473,70,12,14,2.9,37,67,0.5,0.2
SLG2,SLG,16.3,150,7.5,5.4,6.72,55,59,842,113,11,15,3.7,49,59,0.5,0.2
SLG10,SLG,15.9,150,10,5.5,6.67,36,88,1149,162,10,15,3.3,58,92,0.5,0.3
SLG3,SLG,23.6,150,7.6,5.5,6.73,52,75,899,106,14,16,5.8,65,94,0.6,0.2
SLG4,SLG,18.8,150,7.3,5.3,6.7,65,78,780,106,14,15,3.9,67,93,0.6,0.2
SLG5,SLG,17,150,5.2,5.4,6.78,50,61,556,82,17,15,4.7,46,85,0.5,0.1
SLG6,SLG,12.6,150,5.2,5.3,6.77,64,126,495,84,14,16,4.2,41,90,0.5,0.1
SLG7,SLG,11.2,150,6.4,5.3,6.73,43,78,665,93,13,15,13,43,89,0.9,0.2
SLG8,SLG,9.9,150,7.9,5.4,6.71,27,75,862,130,12,16,5.3,35,105,0.6,0.1
SLG9,SLG,15,150,15.8,6.6,6.84,37,88,2357,342,8,13,11.6,40,55,0.7,0.5
LFS3,LFS,26.8,150,21.7,5.9,6.56,116,143,2940,348,21,15,40.8,115,109,1.4,0.8
LFS4,LFS,29,150,18,5.5,6.47,101,123,2251,207,32,20,20.5,94,122,0.8,0.8
LFS5,LFS,26.6,150,20.3,5.5,6.41,101,113,2529,253,22,15,26.2,50,70,0.7,0.7
LFS6,LFS,26.9,150,20.9,5.7,6.49,83,134,2747,283,28,15,27.4,64,66,0.7,0.9
LFS7,LFS,31.9,150,18.7,5.3,6.35,137,107,2183,195,31,15,24.1,79,96,0.7,0.7
LFS8,LFS,44.6,150,0.4,6.2,6.93,1,4,43,10,1,10,0.1,1,1,0.1,0.1
LFS9,LFS,45.6,150,17.9,5.9,6.62,115,96,2512,232,27,16,24.1,115,81,0.8,0.7
HR1,HR,23.2,150,8.6,6.1,6.81,59,68,1170,158,13,15,5.1,92,88,1.1,0.3
HR4,HR,25.7,150,11.1,6,6.76,53,93,1455,219,13,15,4.9,82,116,0.9,0.4
HR5,HR,17.3,150,8.8,6.2,6.82,49,57,1191,187,11,14,4.2,72,79,0.9,0.4
HR6,HR,38.1,150,6,5.4,6.76,25,55,639,104,11,14,3.3,42,129,0.6,0.2
LFS11,LFS,38.3,150,15.5,5.6,6.57,60,149,2004,170,33,16,20.8,54,146,0.6,0.6
LFS12,LFS,47.9,150,16.2,5.7,6.59,98,167,2097,212,24,17,21.9,119,149,0.9,0.7
LFS13,LFS,39.5,150,24.6,6.2,6.63,66,116,3771,283,24,16,43.5,63,60,1,1.2
LFS14,LFS,37,150,23.1,6.2,6.65,105,130,3492,292,22,15,33.7,141,51,1,1.2
LFS15,LFS,32.3,150,22.8,5.3,6.22,74,141,2701,217,34,15,21,64,82,0.7,1
PTW1,PTW,14.4,150,9.8,5.8,6.74,46,151,1272,132,10,15,2.4,73,68,1.3,0.4
PTW2,PTW,15.1,150,9.2,5.5,6.69,41,216,1030,127,11,16,2.2,77,86,1.2,0.4
PTW3,PTW,14.6,150,5.3,5.2,6.75,37,100,515,71,14,16,1.6,56,93,1,0.2
RGT1,RGT,12.1,150,17.6,6.6,6.83,42,156,2831,240,13,16,8.5,59,121,2,1.3
RGT2,RGT,12,150,15.5,6.7,6.86,57,227,2492,209,10,15,4.4,60,98,1.1,1
RGT3,RGT,11.5,150,17,6.7,6.85,61,238,2720,226,10,16,4,68,92,1,1
RGT4,RGT,12.1,150,14.8,6.4,6.8,67,176,2181,249,10,16,4,55,95,1,0.6
RGT5,RGT,12.3,150,15.9,6.2,6.74,69,140,2264,274,6,14,3.4,72,100,1.2,0.8
RGT6,RGT,12.4,150,22,6.9,6.9,80,191,3411,486,10,15,3.7,75,120,2.1,1.2
RGT7,RGT,13.7,150,21,7,6.93,72,111,3588,329,12,15,4.7,69,101,1.5,1.1
SGC10,SGC,11.5,150,6.7,5.9,6.82,13,96,855,116,9,15,2.6,50,87,0.5,0.2
SGC11,SGC,10.2,150,8.2,6,6.8,9,110,1071,150,9,14,2.4,63,82,0.6,0.3
SGC12,SGC,9.6,150,8.5,5.9,6.78,5,145,1098,131,7,14,1.9,50,92,0.6,0.3
SGC5,SGC,13.9,150,11.1,5.6,6.67,20,135,1331,171,9,15,3.9,110,82,0.7,0.3
SGC6,SGC,9.3,150,9.4,5.2,6.61,9,216,820,174,9,15,1.9,75,96,0.8,0.2
SGC7,SGC,12.1,150,10.4,5.7,6.71,10,188,1176,208,11,15,2.2,45,156,0.7,0.3
SGC8,SGC,14.2,150,10.3,5.7,6.71,11,135,1257,172,10,15,2.9,35,140,0.4,0.3
SGC9,SGC,11.1,150,11.2,5.9,6.74,10,117,1456,194,9,16,2.3,77,89,0.6,0.3
GH1,GH,12.5,150,7.6,6.5,6.87,12,78,1198,92,8,13,11.6,65,64,0.5,0.5
GH2,GH,8.5,150,8.1,5.6,6.74,83,168,902,149,15,13,6,33,123,1.3,0.3
LM1,LM,41,150,6.3,5.7,6.8,26,72,786,95,12,15,5.5,181,78,0.6,0.2
LM10,LM,9.2,150,14.5,6.3,6.78,247,251,2098,216,10,15,13.4,30,121,2.9,0.9
LM11,LM,9.4,150,11.7,6.3,6.81,171,243,1594,220,10,14,6.7,37,108,1.3,0.6
LM12,LM,9,150,11.7,5.7,6.68,141,196,1437,171,9,15,11.4,31,143,2.2,0.4
LM13,LM,8.9,150,11,6.2,6.8,164,189,1505,198,11,15,9.7,34,103,1.6,0.5
LM14,LM,11.9,150,15.2,5.8,6.64,181,213,2006,196,9,15,9.8,48,107,1.9,0.6
LM15,LM,10.1,150,14.8,6.1,6.73,218,177,2083,226,12,15,12.4,29,122,2.5,0.7
LM16,LM,10.2,150,15.7,6.2,6.74,257,249,2140,292,10,15,17.6,42,157,3.6,0.7
LM17,LM,13,150,16.8,5.9,6.64,233,131,2410,174,12,16,24.1,52,117,2.8,0.8
LM18,LM,11.3,150,16.4,5.9,6.65,234,261,2248,200,13,16,17.9,42,113,2.7,0.7
LM19,LM,15.8,150,19.7,6,6.63,297,197,2862,217,11,15,22.3,35,115,3.8,1.1
LM2,LM,7,150,8,5.4,6.7,57,112,855,133,11,14,3.3,26,138,1.2,0.2
LM20,LM,11.1,150,10.6,5.7,6.71,63,242,1142,241,10,14,11.2,28,133,0.8,0.4
LM21,LM,10.6,150,13.9,5.5,6.57,56,389,1269,348,14,19,11.1,32,194,1.4,0.4
LM22,LM,11.1,150,10.8,5.7,6.7,48,140,1249,224,7,15,7.8,22,95,0.7,0.4
LM3,LM,9.4,150,5,5.2,6.76,45,92,494,63,15,14,1,68,130,0.5,0.1
LM4,LM,8.7,150,10.5,6.5,6.85,60,150,1598,147,10,14,2.5,130,121,1.2,0.5
LM5,LM,4.8,140,4.2,5.3,6.8,38,98,404,71,9,14,0.8,72,113,0.6,0.2
LM6,LM,5.8,150,4.3,5.6,6.83,84,157,435,76,12,14,1,18,88,0.9,0.1
LM7,LM,4.9,140,5.7,5.6,6.8,101,96,690,76,13,14,1.6,19,106,1.2,0.1
LM8,LM,8.3,150,9.6,6.1,6.8,132,154,1281,168,11,15,2.7,35,104,0.9,0.4
LM9,LM,9.1,150,12.4,6.2,6.78,225,193,1802,160,12,16,12.3,29,127,2.7,0.6
PTW4,PTW,13.6,150,5.9,5.5,6.78,23,126,647,91,9,16,1.6,51,67,1.2,0.3
PTW5,PTW,15.4,150,7,5.8,6.8,17,133,837,131,10,15,1.7,60,86,1.9,0.3
PTW6,PTW,10.2,150,6.7,5.8,6.8,17,102,841,100,11,14,1.7,61,66,1.4,0.4
LM23,LM,14.6,150,15.8,6,6.69,78,230,1957,356,10,16,9.6,43,135,1,0.6
LM24,LM,11.3,150,14.2,5.6,6.6,72,198,1592,282,11,16,10.6,37,149,1.3,0.5
LM25,LM,8.3,150,11.2,5.7,6.69,68,114,1353,203,10,14,8.1,29,142,1,0.4
LM26,LM,11.2,150,13.2,5.8,6.68,81,180,1551,286,10,14,8.5,35,142,1.2,0.5
LM27,LM,9.6,150,13.8,5.6,6.61,55,164,1600,252,8,15,9.7,41,152,1.3,0.5
LM28,LM,5.4,148,7.1,6.2,6.84,37,189,824,185,7,13,4.9,31,93,0.8,0.3
MKP1,MKP,7.7,150,15.7,7.2,6.93,17,82,2113,581,12,19,7.8,82,74,1.2,1.8
MKP2,MKP,6.3,150,15.1,7.1,6.93,13,82,1953,598,10,26,5.2,89,57,0.9,1.3
MKP3,MKP,8.5,150,15.9,7.3,6.93,12,94,2125,598,13,18,6.4,86,66,1.1,1.8
MKP4,MKP,6.4,150,15.2,7,6.93,7,115,1923,619,10,26,5,91,51,0.9,1.4
MKP5,MKP,9.4,150,18.5,7.4,6.93,15,99,2361,757,13,23,9.6,80,94,1.6,2
MKP6,MKP,0.5,36,19.9,7.7,6.93,3,31,3134,493,33,12,3.1,7,199,1,0.2
MKP7,MKP,9.9,150,17.2,7,6.93,25,62,2486,540,37,28,19.5,74,103,1.8,1.7
MKP8,MKP,7.5,150,14,7.4,6.93,17,59,1881,525,9,25,15.7,71,72,1.4,1.2
RF1,RF,9.1,150,5.5,5.4,6.77,65,110,522,118,18,15,4.5,120,141,1.2,0.2
RF10,RF,13.1,150,13.6,5.1,6.42,75,160,1151,272,16,15,4.1,154,119,0.9,0.4
RF11,RF,13.3,150,14,5,6.36,55,135,1148,254,16,15,4.4,151,112,0.9,0.4
RF12,RF,15,150,10.8,5.2,6.56,57,110,982,218,14,15,5.3,164,123,0.8,0.4
RF13,RF,9,150,5.4,4.6,6.64,42,79,322,69,22,15,4.9,240,157,1.1,0.2
RF2,RF,12.8,150,13.9,5.6,6.61,54,139,1524,314,18,15,6.7,201,100,1.3,0.5
RF3,RF,11.3,150,12.3,5.9,6.72,40,116,1476,290,12,15,3.8,169,106,1,0.6
RF4,RF,18.4,150,13,5.8,6.68,78,153,1341,400,18,16,6.5,204,121,1,0.6
RF5,RF,12.4,150,9.3,5.4,6.67,58,108,881,230,19,15,4.8,203,144,1,0.3
RF6,RF,11.8,150,11.3,6.2,6.79,50,141,1353,326,12,16,2.9,191,123,0.9,0.6
RF7,RF,13.6,150,11.2,5.8,6.72,84,191,1219,298,15,14,5.9,132,113,1.1,0.4
RF8,RF,14.1,150,13.1,5.1,6.44,63,146,1121,257,16,14,4.9,176,115,0.9,0.4
RF9,RF,12.8,150,12,5.6,6.65,69,133,1346,248,11,14,4.7,180,110,1,0.4
TCP1,TCP,5.7,140,22,7.3,6.93,6,37,4189,111,12,15,3.5,22,122,1.4,0.7
TCP2,TCP,6.8,150,16.2,7.3,6.93,9,50,3011,108,11,16,3.7,30,126,1.1,0.8
TCP3,TCP,8.3,150,17.2,7.2,6.93,10,77,3179,129,8,15,4.6,38,132,1.2,1.1
TCP4,TCP,7.5,150,17.7,7,6.93,10,61,3303,113,11,14,4.1,39,130,1.2,1.1
PNR1,PNR,8.7,150,11.5,6.4,6.83,12,92,1647,238,8,13,5,265,102,0.9,0.7
PNR2,PNR,4.9,124,20.9,7.6,6.93,7,71,3814,196,8,13,2.3,67,61,1.3,0.9
PNR3,PNR,4.4,114,18.8,7.7,6.93,7,56,3478,139,9,15,1.6,43,72,1,0.6
PNR4,PNR,4.3,112,18.9,7.7,6.93,8,51,3536,121,8,14,1.4,35,93,1,0.5
PNR5,PNR,4.7,120,20.7,7.6,6.93,6,50,3862,144,10,15,1.5,35,95,1.4,0.6
PNR6,PNR,3.1,88,19.4,7.8,6.93,9,49,3615,142,7,13,1.5,35,65,0.8,0.5
PNR7,PNR,3.8,102,20.2,7.8,6.93,10,43,3771,147,10,13,1.7,52,79,0.8,0.6
TCP10,TCP,7.2,150,17.1,6.9,6.91,10,40,3193,91,12,16,4.7,32,149,1.4,1.1
TCP5,TCP,5.4,134,17.2,7.5,6.93,8,67,3237,92,14,15,3.7,30,95,1.1,0.9
TCP6,TCP,6.2,150,19.3,7.3,6.93,10,61,3611,117,13,21,5.7,36,132,2,1.2
TCP7,TCP,5.9,144,19.2,7.3,6.93,8,48,3605,123,10,16,4.8,24,145,2.3,1.1
TCP8,TCP,5.8,142,16.5,7.2,6.93,7,51,3098,97,12,14,3.5,28,130,1.6,1.1
TCP9,TCP,6.5,150,17.5,7.1,6.93,10,50,3301,95,15,16,4.9,34,104,1.6,1
PNR11,PNR,3.6,98,21.8,7.7,6.93,44,80,3965,205,11,13,3.8,70,97,1.2,1
PNR13,PNR,5.8,142,20.4,7.7,6.93,21,78,3777,155,12,13,3.7,98,92,1.1,1.1
PNR14,PNR,4.2,110,22.3,7.6,6.93,9,45,4217,131,9,13,2.1,36,156,1.2,0.5
PNR15,PNR,3.6,98,18.7,7.7,6.93,8,42,3472,143,13,13,2.5,51,135,1.2,0.7
PNR8,PNR,3.7,100,17.9,7.6,6.93,12,37,3335,124,9,14,1.5,35,59,0.7,0.5
PNR9,PNR,3.7,100,18.7,7.5,6.93,18,48,3457,147,7,13,1.6,39,62,0.8,0.7
