,samples,paired_end,Archaea|Candidatus Bathyarchaeota,Archaea|Candidatus Woesearchaeota,Archaea|Crenarchaeota,Archaea|Euryarchaeota,Archaea|Thaumarchaeota,Bacteria|Acidobacteria,Bacteria|Actinobacteria,Bacteria|Aquificae,Bacteria|Armatimonadetes,Bacteria|Bacteroidetes,Bacteria|Balneolaeota,Bacteria|Caldiserica,Bacteria|Calditrichaeota,Bacteria|Candidatus Adlerbacteria,Bacteria|Candidatus Aminicenantes,Bacteria|Candidatus Andersenbacteria,Bacteria|Candidatus Atribacteria,Bacteria|Candidatus Azambacteria,Bacteria|Candidatus Beckwithbacteria,Bacteria|Candidatus Berkelbacteria,Bacteria|Candidatus Bipolaricaulota,Bacteria|Candidatus Campbellbacteria,Bacteria|Candidatus Chisholmbacteria,Bacteria|Candidatus Cloacimonetes,Bacteria|Candidatus Collierbacteria,Bacteria|Candidatus Doudnabacteria,Bacteria|Candidatus Eisenbacteria,Bacteria|Candidatus Falkowbacteria,Bacteria|Candidatus Fermentibacteria,Bacteria|Candidatus Gottesmanbacteria,Bacteria|Candidatus Gracilibacteria,Bacteria|Candidatus Jacksonbacteria,Bacteria|Candidatus Jorgensenbacteria,Bacteria|Candidatus Kaiserbacteria,Bacteria|Candidatus Kapabacteria,Bacteria|Candidatus Kerfeldbacteria,Bacteria|Candidatus Latescibacteria,Bacteria|Candidatus Levybacteria,Bacteria|Candidatus Liptonbacteria,Bacteria|Candidatus Magasanikbacteria,Bacteria|Candidatus Marinimicrobia,Bacteria|Candidatus Melainabacteria,Bacteria|Candidatus Microgenomates,Bacteria|Candidatus Moranbacteria,Bacteria|Candidatus Niyogibacteria,Bacteria|Candidatus Nomurabacteria,Bacteria|Candidatus Omnitrophica,Bacteria|Candidatus Pacebacteria,Bacteria|Candidatus Parcubacteria,Bacteria|Candidatus Peregrinibacteria,Bacteria|Candidatus Poribacteria,Bacteria|Candidatus Roizmanbacteria,Bacteria|Candidatus Rokubacteria,Bacteria|Candidatus Saccharibacteria,Bacteria|Candidatus Schekmanbacteria,Bacteria|Candidatus Staskawiczbacteria,Bacteria|Candidatus Sumerlaeota,Bacteria|Candidatus Sungbacteria,Bacteria|Candidatus Taylorbacteria,Bacteria|Candidatus Uhrbacteria,Bacteria|Candidatus Vogelbacteria,Bacteria|Candidatus Wildermuthbacteria,Bacteria|Candidatus Wolfebacteria,Bacteria|Candidatus Yanofskybacteria,Bacteria|Candidatus Yonathbacteria,Bacteria|Candidatus Zambryskibacteria,Bacteria|Chlamydiae,Bacteria|Chlorobi,Bacteria|Chloroflexi,Bacteria|Chrysiogenetes,Bacteria|Coprothermobacterota,Bacteria|Cyanobacteria,Bacteria|Deferribacteres,Bacteria|Deinococcus-Thermus,Bacteria|Dictyoglomi,Bacteria|Elusimicrobia,Bacteria|Fibrobacteres,Bacteria|Firmicutes,Bacteria|Fusobacteria,Bacteria|Gemmatimonadetes,Bacteria|Ignavibacteriae,Bacteria|Kiritimatiellaeota,Bacteria|Lentisphaerae,Bacteria|Nitrospinae,Bacteria|Nitrospirae,Bacteria|Planctomycetes,Bacteria|Proteobacteria,Bacteria|Rhodothermaeota,Bacteria|Spirochaetes,Bacteria|Synergistetes,Bacteria|Tenericutes,Bacteria|Thermodesulfobacteria,Bacteria|Thermotogae,Bacteria|Verrucomicrobia,Bacteria|candidate division AD3,Bacteria|candidate division CPR2,Bacteria|candidate division NC10,Bacteria|candidate division WPS-2,Bacteria|candidate division WWE3,Bacteria|candidate division Zixibacteria,Eukaryota|Apicomplexa,Eukaryota|Ascomycota,Eukaryota|Basidiomycota,Eukaryota|Chlorophyta,Eukaryota|Mucoromycota
0,A01,R1,0,0,0.00025,0.00288,0.00016,0.39156,7.16024,0,0.00445,0.23882,0,0,0,0,0,0,0.0003,0,0,0,0,0,0,0,0,0,0.0002,0,0,0,0,0.00025,0,0.00025,0,0,0,0,0,0,0,0,0.00032,0,0,0.00024,0,0,0.00127,0,0,0,0.00215,0.01769,0,0,0,0,0,0,0,0,0,0,0,0,0.00015,0.02332,0.02103,0.0002,0,0.02109,0,0.02942,0,0.00024,0,0.05981,0,0.04306,0,0,0,0,0.02471,0.02214,15.06817,0.00061,0,0,0.00064,0,0,0.19291,0.00172,0,0.00089,0,0.0001,0,0.00014,0.00496,0.00089,0.00034,0.00025
1,A03,R2,0,0,0,0.04178,0.01153,0.21995,3.6387,0,0.00107,0.41259,0,0,0,0,0,0,0.00064,0,0,0,0,0,0,0,0,0,0.00027,0,0,0,0,0.00042,0,0,0,0,0,0,0,0,0,0,0,0,0,0.00021,0.0002,0,0.00794,0.00563,0,0.00018,0.0029,0.04112,0.00016,0,0,0,0,0,0.00013,0,0,0,0,0,0.00112,0.01491,0.02166,0,0,0.0167,0,0.0251,0,0,0,0.14296,0,0.03264,0,0.00231,0.00158,0,0.04878,0.0182,14.8071,0.001,0.00666,0.00047,0,0,0.00161,0.10948,0,0,0.00821,0.00022,0.00026,0,0,0.0015,0.0008,0.00052,0
2,A05,R1,0.00033,0,0.00031,0.01264,0.01973,0.10114,2.94037,0,0.00199,3.17064,0,0,0,0.00026,0.00025,0,0,0,0,0,0,0,0,0.0011,0,0.00031,0.00017,0,0,0,0,0,0,0.00011,0,0,0,0,0.00011,0,0,0,0,0,0,0,0,0,0.00653,0.00086,0,0,0.00132,0.00903,0,0,0.00184,0,0,0,0,0,0,0,0,0,0.01348,0.00926,0.00935,0,0,0.00894,0,0.01712,0,0.00024,0,0.08285,0.00016,0.02562,0.0036,0.00156,0.00067,0.00044,0.02025,0.01025,19.35333,0.00078,0.00022,0.00041,0,0,0.00068,0.0575,0,0,0.00566,0,0,0,0,0.00111,0.00021,0,0
3,A07,R2,0,0,0.00157,0.03469,0.01884,0.30573,8.48245,0.00242,0.00164,0.10275,0,0,0,0,0,0,0.00085,0,0,0,0,0,0.0001,0,0,0,0,0,0,0,0,0.00013,0,0,0,0,0,0,0,0,0,0,0,0,0,0,0,0,0.00317,0,0,0,0.00056,0.00423,0,0,0.00087,0,0,0,0,0,0,0,0,0,0.00145,0.00847,0.01322,0.00021,0,0.01122,0,0.01642,0,0,0,0.0521,0,0.01606,0,0,0,0.00053,0.01662,0.02791,12.48228,0.00083,0,0,0,0,0.0042,0.07226,0,0,0.0003,0,0,0,0,0.00135,0.00128,0.00034,0
4,A09,R1,0.00012,0,0,0.05373,0.07802,0.12027,1.70905,0,0,0.56069,0,0,0,0,0,0,0,0,0,0,0,0,0,0,0,0.00024,0.0002,0,0,0,0,0.00051,0,0,0,0,0,0,0,0.0003,0,0,0,0,0,0,0.00017,0,0,0,0,0,0.00273,0.00257,0,0,0,0,0,0,0,0,0,0,0,0,0,0.00578,0.00746,0,0,0.01215,0,0.00014,0,0.0001,0,0.03845,0,0.02856,0,0,0,0,0.01349,0.00746,15.26761,0.00055,0.00165,0,0,0,0,0.06736,0,0,0,0,0,0,0,0.0004,0,0,0
5,A11,R2,0,0,0,0.02562,0.00367,0.27231,4.51229,0,0.0016,0.80078,0,0,0.0003,0.00062,0.00034,0,0.00043,0,0,0,0,0,0,0,0,0.00018,0,0.00018,0,0,0,0,0,0.00021,0,0,0,0,0,0,0.00013,0,0,0,0,0.00019,0.00035,0,0.00273,0.00228,0,0,0.00049,0.01973,0,0,0.00201,0,0,0.00051,0,0,0,0,0,0,0.00855,0.01543,0.01861,0.00161,0,0.02145,0.00029,0.03505,0,0.00183,0,0.13842,0,0.03114,0.00239,0.0036,0.00132,0.00099,0.01611,0.03543,15.14594,0.00073,0.00374,0.0082,0.00611,0.00201,0.00132,0.22654,0,0,0.00191,0,0.00037,0.00097,0.00154,0.01305,0.00298,0.00048,0.00032
6,B01,R1,0,0,0.00119,0.039,0,0.25991,5.16737,0,0.00615,0.36702,0,0,0,0,0,0,0,0,0,0,0,0,0,0,0,0,0.00023,0,0,0,0,0.00086,0,0,0,0,0,0,0,0,0,0,0,0,0,0,0,0,0.00155,0,0,0,0.00189,0.00234,0,0,0,0,0,0.0003,0,0,0,0,0,0,0,0,0.00619,0,0,0.00751,0,0.01722,0,0.00022,0,0.06513,0,0.01432,0,0.00017,0,0,0.01314,0.03188,15.91632,0.00093,0,0,0,0,0,0.1773,0,0,0.00042,0,0,0,0,0.00301,0,0,0.00028
7,B03,R2,0.00011,0,0.00397,0.0412,0.06771,0.2157,6.21064,0.00495,0.00406,0.2862,0,0,0.00142,0.00079,0.00092,0,0.00178,0,0,0,0.00117,0,0,0.00078,0,0.00014,0.00029,0,0.00033,0.00024,0,0.00026,0,0.0003,0,0,0,0,0,0.0001,0.00022,0,0.00021,0.0002,0,0.00033,0.00054,0,0.00358,0.00293,0,0,0.00274,0.05232,0,0,0.00493,0,0.00014,0.00092,0.00025,0,0,0,0,0.00074,0.00707,0.0242,0.03536,0.00108,0,0.05574,0.00129,0.04488,0,0.00448,0.00046,0.29016,0.00017,0.06508,0.00394,0.00294,0.00117,0.00155,0.03756,0.03084,12.93999,0.00133,0.00444,0.01246,0.02702,0.00115,0.00435,0.11613,0,0,0.00599,0,0.00089,0.00151,0,0.00266,0.00097,0.00033,0
8,B05,R1,0.00031,0,0,0.02005,0.00716,0.14846,2.08492,0,0,2.65102,0,0,0,0,0,0,0,0,0,0,0,0,0,0,0,0,0.00023,0,0,0,0,0.00087,0,0,0,0,0,0,0,0,0,0,0,0,0,0,0.00015,0,0,0,0,0,0.00183,0,0,0,0,0,0,0,0,0,0,0,0,0,0.00018,0,0.00117,0.00045,0,0.00695,0,0.00088,0,0,0,0.04264,0.00011,0.04132,0,0,0,0,0.04962,0.00684,23.22831,0.0007,0.00011,0,0,0,0,0.05288,0,0,0.01702,0,0,0,0,0.00068,0.00024,0.00021,0
9,B07,R2,0,0,0.00924,0.00039,0.05422,0.22065,3.74849,0,0.00097,0.44177,0,0,0,0,0,0,0,0,0,0,0,0,0,0,0,0.00012,0.0005,0,0,0,0,0.00015,0,0,0,0,0.00011,0.0004,0,0,0,0,0,0,0,0,0.00029,0,0,0.00023,0,0,0.00582,0.0086,0,0,0.00294,0,0,0.00153,0,0,0,0,0,0,0,0.01653,0.01693,0.00561,0,0.01379,0,0.03256,0,0.00014,0,0.11867,0,0.06063,0,0,0.00317,0,0.04769,0.02243,15.3231,0.00103,0.00278,0.00212,0.00024,0,0,0.14161,0,0,0.01211,0,0.00018,0,0,0.00258,0.00092,0.00067,0.00022
10,B09,R1,0,0,0,0.03849,0.06434,0.17263,1.6806,0,0.0047,0.89181,0,0,0,0,0,0.00025,0,0,0,0,0,0,0,0,0,0.00014,0.00023,0,0,0,0.00041,0.00096,0,0,0,0,0,0,0,0,0,0,0,0,0,0,0,0.00146,0,0.0003,0,0.0001,0.00209,0.02385,0,0,0,0,0,0,0,0,0,0,0,0,0,0.01432,0.00138,0,0,0.00099,0,0.00142,0,0,0,0.02874,0,0.02916,0,0,0.00304,0,0.00983,0.01458,19.23548,0.0005,0.00194,0,0,0,0.00404,0.08184,0,0,0.00976,0,0,0,0,0.00033,0.00058,0.00049,0
11,B11,R2,0,0,0,0.03164,0.0032,0.30791,3.54862,0,0.00329,0.64416,0,0,0.00334,0,0,0,0,0,0,0,0,0,0,0,0,0,0.00027,0,0,0,0,0.00071,0,0.00019,0,0,0,0,0,0,0,0.00012,0,0,0,0,0.00025,0,0.00327,0.0001,0,0,0.00101,0.00751,0,0,0.00194,0,0.00015,0,0,0,0,0,0,0,0.00151,0.00703,0.01319,0,0,0.0092,0,0.01455,0,0.00016,0,0.07239,0,0.03634,0,0,0.00124,0.00122,0.0138,0.02779,16.79017,0.00096,0,0,0,0,0.00481,0.14358,0,0,0.00018,0,0,0,0.00019,0.00305,0.0008,0.00016,0.00018
12,C01,R1,0,0,0,0.00253,0.00042,0.31979,8.27919,0,0.00468,0.46219,0,0,0,0,0.00032,0,0,0,0,0,0,0,0,0,0,0.00015,0,0,0,0,0,0.00053,0,0,0,0,0,0,0,0,0,0,0,0,0,0,0.00027,0,0.00068,0.00011,0,0,0.00072,0.02669,0,0,0,0,0,0.0004,0,0,0,0,0,0.00028,0.00152,0.01948,0.00989,0,0,0.02324,0,0.02945,0,0.00099,0,0.08739,0,0.02451,0,0.00426,0.00188,0.00129,0.0211,0.02768,13.8619,0.00079,0.00036,0.00315,0.0052,0,0.00269,0.18826,0.0003,0,0.00317,0.00049,0.00019,0,0.00036,0.00613,0.00132,0.00018,0.00029
13,C03,R2,0,0,0,0.05259,0.03903,0.14686,5.41133,0,0,0.11363,0,0,0,0,0,0,0,0,0,0,0,0,0,0,0,0,0.00028,0,0,0,0,0.00041,0,0,0,0,0,0,0,0,0,0,0,0,0,0,0,0,0.00279,0,0,0,0.00265,0,0,0,0,0,0,0,0,0,0,0,0,0,0,0,0.00172,0.00232,0,0.00183,0,0,0,0,0,0.01457,0,0.04217,0,0,0,0,0.02554,0.00873,13.21031,0.00089,0,0,0,0,0,0.06861,0,0,0.00088,0,0,0,0,0.00046,0,0,0
14,C05,R1,0.00023,0,0,0.0131,0.00698,0.15362,2.2077,0,0.00209,5.4149,0,0,0,0,0,0,0,0,0,0,0,0,0,0,0,0,0.00015,0,0,0,0,0.00102,0,0,0.00011,0,0,0.00043,0,0.00023,0,0,0.0005,0,0,0.00061,0.00134,0,0.00811,0,0,0,0.00095,0.02458,0,0,0.00013,0,0,0,0,0,0,0,0,0.00014,0.00577,0.02956,0.01175,0.00011,0,0.00685,0,0.03076,0,0.00011,0,0.05778,0,0.04943,0.00028,0,0,0.00171,0.02185,0.0125,22.53626,0.00087,0.00012,0,0.00455,0,0.0033,0.1047,0,0,0.00431,0,0.00506,0,0,0.00067,0.00015,0,0
15,C07,R2,0.00019,0,0.0033,0.04944,0.07236,0.17173,5.09394,0.00058,0.00321,0.37616,0,0,0,0.00016,0.0003,0.00016,0.0019,0,0,0,0.00185,0,0,0,0,0,0.00046,0,0,0,0,0.00026,0,0,0,0.00011,0.00011,0.00023,0,0.00014,0.00011,0,0.00017,0,0,0,0.00039,0,0.0011,0.00029,0,0,0.00474,0.01949,0,0,0.00292,0,0,0.00056,0,0,0,0,0,0,0.00308,0.02146,0.04572,0,0.00211,0.03245,0.0008,0.03971,0,0.0022,0.00011,0.25261,0,0.04824,0.00378,0.0038,0.00144,0.00144,0.05105,0.02858,11.00351,0.00114,0.00515,0.01286,0.00707,0,0.00174,0.10752,0,0,0.01008,0,0.00135,0.00383,0,0.00409,0.00148,0.00089,0.00012
16,C09,R1,0,0,0,0.0611,0.0109,0.15766,1.25524,0,0,0.75671,0,0,0,0,0,0,0,0,0,0,0,0,0,0,0,0,0.00049,0,0,0,0,0.00109,0,0,0,0,0,0,0,0,0,0,0,0,0,0,0,0,0.00499,0,0,0,0.00377,0,0,0,0,0,0.00027,0,0,0,0,0,0,0.00746,0,0.00052,0.00109,0,0,0.01777,0,0.00919,0,0,0,0.04805,0,0.09818,0,0,0,0,0.04641,0.01335,17.73939,0.00063,0,0,0,0,0.00194,0.08872,0,0,0.00098,0.00031,0,0,0,0.00039,0.00022,0,0
17,C11,R2,0,0,0,0.02949,0,0.2077,3.00115,0,0.00089,1.0088,0,0,0,0,0,0,0,0,0,0,0,0.01318,0,0,0,0,0.00011,0.00042,0,0,0,0.00078,0,0,0,0,0,0,0,0,0,0,0,0,0,0,0,0,0,0,0,0,0.00079,0.08284,0,0,0,0,0,0,0,0,0.00035,0,0,0,0,0.02532,0.00553,0,0,0.01438,0,0.00251,0,0,0,0.04072,0,0.03633,0.00028,0,0,0.0012,0.01748,0.01698,18.43353,0.00029,0.00057,0.0104,0,0,0.00426,0.17565,0,0.00012,0.00029,0,0.00016,0,0.00023,0.00505,0.00122,0.0006,0.00017
18,D01,R1,0,0,0,0.04064,0.00617,0.31951,11.79747,0,0.00277,0.132,0,0,0,0,0,0,0,0,0,0,0,0,0,0,0,0,0,0,0,0,0,0,0,0,0,0,0,0.00017,0,0,0,0,0,0,0,0,0,0,0,0,0,0,0.00022,0.00016,0,0,0,0,0,0,0,0,0,0,0,0,0,0.00023,0.00143,0,0,0.01258,0,0.01542,0,0,0,0.04214,0,0.01834,0,0,0,0.00011,0,0.03996,10.24351,0.0004,0.00013,0,0,0,0,0.11292,0,0,0.00017,0,0,0,0,0.00626,0.00085,0,0
19,D03,R2,0.00072,0,0,0,0.00867,0.08535,2.49695,0,0,0.11468,0,0,0,0,0,0,0,0,0,0,0,0,0,0,0,0,0,0,0,0,0,0,0,0,0,0,0,0,0,0,0,0,0,0,0,0,0,0,0,0,0,0,0.00053,0,0,0,0,0,0,0,0,0,0,0,0,0,0,0,0.00577,0,0,0.00037,0,0.00167,0,0,0,0.03753,0,0.0249,0,0,0,0,0.00259,0.00871,13.81583,0,0,0,0,0,0,0.0879,0,0,0,0,0,0,0,0.00021,0.00014,0,0
20,D05,R1,0.00011,0,0,0.06516,0.0082,0.16642,2.16644,0,0.00025,0.72231,0,0.00013,0,0,0,0,0,0,0,0,0,0,0,0,0.00014,0,0.00041,0,0,0,0,0,0,0,0,0,0,0.0003,0,0,0,0,0.00012,0,0,0.00017,0.00028,0,0.0007,0,0,0,0.00229,0.01789,0,0,0,0,0,0,0,0,0,0,0,0.00344,0.00133,0.00908,0.0149,0,0,0.01356,0,0.02113,0,0.00014,0,0.05777,0,0.02279,0,0.00468,0,0.00209,0.0252,0.01581,14.28287,0.001,0.00134,0.00019,0.00347,0,0,0.09024,0,0,0.00058,0.00023,0.00016,0,0,0.00119,0.00052,0.00024,0.00012
21,D07,R2,0,0,0,0.06744,0.01699,0.16326,2.18469,0,0,0.19667,0,0,0,0,0,0,0,0,0,0,0,0,0,0,0,0,0.00015,0,0,0,0,0,0,0,0,0,0,0,0,0,0,0,0,0,0,0,0,0,0,0,0,0,0.00308,0,0,0,0,0,0,0,0,0,0,0,0,0,0,0.00015,0.00416,0.00104,0,0.00143,0,0,0,0,0,0.05549,0,0.04295,0.01026,0,0,0,0.04042,0.02701,17.42465,0.00043,0.00108,0,0,0,0,0.06278,0,0,0.01288,0,0,0,0,0.00042,0.00018,0,0.00022
22,D09,R1,0,0.00014,0,0.07361,0,0.12463,1.03547,0,0.00022,0.28957,0,0,0,0,0,0,0,0,0,0,0,0,0,0,0,0,0.00048,0,0,0,0,0.0013,0,0,0,0,0,0,0,0,0,0,0,0,0,0,0,0,0,0,0,0,0.00331,0,0,0,0,0,0,0,0,0,0,0,0,0,0,0,0.00069,0,0,0.02028,0,0.01039,0,0,0,0.01423,0,0.01749,0,0,0,0,0.08172,0.00041,14.65701,0,0.00082,0,0,0,0,0.12908,0,0,0,0,0,0,0,0.00021,0.00023,0,0.00018
23,D11,R2,0,0,0,0.04588,0.0006,0.19061,4.46903,0,0.00077,1.0002,0,0,0,0.00134,0,0,0,0,0,0,0,0,0,0,0,0,0,0,0.00012,0,0,0.00067,0,0,0,0,0,0,0,0,0,0,0.00011,0,0,0,0,0.00045,0.00079,0.00285,0,0,0.00049,0.0444,0,0,0.00146,0,0,0.00057,0,0,0,0,0,0,0.00387,0.00291,0.00579,0,0,0.01511,0,0.01897,0.00184,0.00014,0,0.05622,0,0.04379,0,0.00271,0.00182,0.0005,0.00798,0.02289,15.51224,0.00058,0.00079,0.00272,0.0001,0,0.00622,0.12681,0,0,0.00456,0,0,0,0.0008,0.00762,0.00202,0.00039,0.00014
24,E01,R1,0,0,0.00018,0.0538,0.02756,0.43642,8.76166,0,0.00671,0.31792,0,0,0,0.00107,0.0005,0,0,0,0,0,0,0,0,0,0,0.00024,0.00014,0,0,0,0,0.00056,0,0,0,0,0,0,0,0,0,0,0.00012,0,0,0.00018,0.00014,0,0.00247,0,0,0,0.00196,0.03115,0,0,0,0,0,0.00051,0,0,0,0.0003,0,0,0.0014,0.02083,0.02601,0,0,0.02136,0,0.03732,0,0.00025,0,0.20578,0,0.03088,0.00186,0.00449,0.00163,0.00099,0.02676,0.02603,12.45309,0.0007,0.00249,0.00113,0.0052,0,0.00807,0.16763,0.00133,0.00023,0.00063,0.00016,0.00024,0,0.0002,0.00593,0.00169,0.00113,0.0002
25,E03,R2,0,0,0,0.02048,0.00247,0.16766,3.96157,0.00109,0.00296,1.44124,0.00011,0,0.0005,0.00109,0.00033,0,0.00011,0.00012,0,0,0.00055,0.00046,0,0,0,0.00051,0.00034,0,0,0.00037,0,0.00094,0.00016,0.00028,0,0,0,0.00016,0,0.00022,0.00014,0,0.00018,0,0,0.00051,0.00025,0,0.00507,0.00024,0,0,0.00138,0.05864,0,0,0.00217,0,0,0.00035,0,0,0.00013,0,0,0.00177,0.00383,0.02236,0.0219,0.00132,0,0.03028,0.00157,0.03545,0,0.00208,0.00069,0.60484,0,0.05547,0.0025,0.00206,0.00071,0.00121,0.02029,0.01568,20.74874,0.00074,0.00397,0.0068,0.00506,0,0.00231,0.10393,0,0,0.00437,0.00021,0.00014,0.00131,0,0.02638,0.00103,0.00025,0
26,E05,R1,0,0,0.00042,0.0004,0.01333,0.33679,8.88698,0,0.00011,0.1185,0,0,0,0,0,0,0,0.00019,0,0,0,0,0,0,0,0,0,0,0,0,0,0.00016,0,0,0,0,0,0,0,0,0,0,0,0,0,0,0,0,0.00019,0,0,0,0.00091,0.00483,0,0,0.00431,0,0,0,0,0,0,0,0,0,0,0.02877,0.02229,0.00044,0,0.00927,0,0.00788,0,0.00011,0,0.04631,0,0.02631,0,0,0,0,0.0096,0.03455,11.93561,0.0001,0,0.00017,0.00381,0,0,0.10259,0,0,0.01272,0,0.00179,0,0,0.00072,0.0003,0,0
27,E06,R2,0,0,0.00049,0.0461,0.00785,0.20205,4.18944,0,0.00124,0.33434,0,0,0,0.00204,0.0004,0,0,0,0,0,0,0,0,0.00027,0,0.00048,0.00025,0.00011,0,0,0,0.00034,0,0,0,0,0,0,0,0,0.0001,0,0,0,0,0.0003,0,0,0.00919,0.00141,0,0,0.00371,0.06867,0,0,0.00011,0,0,0.00073,0,0,0.00027,0,0,0.00049,0.00125,0.01058,0.01432,0.00012,0,0.02057,0,0.03221,0,0,0,0.19231,0.00025,0.03137,0,0.00368,0.00131,0.00098,0.04434,0.02158,15.95703,0.00078,0,0.00031,0.00383,0.00238,0.0002,0.1288,0,0,0.00502,0,0,0,0.00022,0.00315,0.00134,0.00033,0
28,E07,R1,0.00015,0,0.00318,0.05311,0.07418,0.16276,3.13589,0,0.00156,0.53447,0,0,0,0,0.0003,0,0.0001,0,0,0,0.00049,0,0,0,0,0,0.00031,0,0,0,0,0,0,0,0,0,0.00012,0,0,0.00013,0,0,0,0,0,0.00015,0.0004,0,0.00157,0,0,0,0.00539,0.01439,0,0,0.00421,0,0,0.00045,0,0,0,0,0,0,0.00563,0.01785,0.01461,0,0,0.02262,0,0.031,0,0.00256,0,0.14752,0,0.06601,0.00137,0,0.0015,0.00118,0.04402,0.01547,13.32484,0.00072,0.00086,0.00851,0.00059,0,0.00064,0.1004,0.00014,0,0.00737,0,0,0.0031,0.00022,0.00399,0.00071,0.00018,0.00028
29,E08,R2,0.00035,0,0.00093,0.03626,0.0639,0.16691,2.87973,0.00108,0.00215,0.75455,0,0,0,0,0,0,0.00108,0,0,0,0,0,0,0,0,0.00011,0.0003,0,0,0,0,0.00025,0,0,0,0,0,0.00019,0,0,0.00057,0,0,0.00058,0,0.00098,0.00034,0,0.00318,0,0,0,0.00324,0.01226,0,0,0.00012,0,0,0,0,0,0,0,0,0,0,0.01517,0.01519,0,0,0.01279,0,0.02451,0,0.00054,0,0.07078,0,0.05358,0.00609,0.00398,0,0.00168,0.02494,0.01831,13.83249,0.00065,0.00069,0.00377,0,0,0.00396,0.09346,0,0,0.00061,0,0,0.00609,0,0.00106,0.00063,0.00032,0
30,E09,R1,0,0,0,0.05534,0,0.11762,0.9126,0,0.00027,0.35073,0,0,0,0,0,0,0,0,0,0,0,0,0,0,0,0,0.0003,0,0,0,0,0,0,0,0,0,0,0,0,0.00078,0,0,0,0,0,0,0,0,0,0,0,0,0.00332,0,0,0,0,0,0,0,0,0,0,0,0,0,0,0.00972,0.00047,0,0,0.01404,0,0,0,0,0,0.05067,0,0.07421,0,0,0,0,0.01944,0.02062,17.31279,0,0,0,0,0,0,0.05512,0,0,0,0,0,0,0,0.00018,0,0,0
31,E11,R2,0,0,0,0.04505,0.00165,0.20148,4.71952,0,0,0.4048,0,0,0,0,0,0,0,0,0,0,0,0,0,0,0,0,0,0,0,0,0,0,0,0,0,0,0,0,0,0,0,0,0,0,0,0,0,0,0,0,0,0,0.00071,0.02571,0,0,0,0,0,0,0,0,0,0,0,0,0,0,0.00331,0.00018,0,0.01149,0,0.01739,0,0.00014,0,0.03067,0,0.03042,0,0,0,0,0.00691,0.0231,13.12326,0.00084,0,0.00168,0,0,0.00542,0.14272,0,0,0,0,0.00035,0,0.00016,0.0025,0.00046,0,0
32,F01,R1,0,0,0.00011,0.04298,0.00335,0.27543,10.1562,0.00025,0.00212,0.2293,0,0,0,0.00023,0.00021,0,0.00124,0,0,0,0,0,0,0,0,0,0.00011,0.00057,0,0,0,0.00021,0,0,0,0,0,0,0,0,0.00031,0,0,0,0,0,0.00012,0,0.00031,0,0,0,0.00091,0.00505,0,0,0.00288,0,0,0,0,0,0,0,0,0,0.00183,0.01273,0.01933,0.00381,0,0.01192,0,0.01678,0,0.00084,0,0.12638,0.0007,0.01964,0,0,0,0.00068,0.01736,0.05214,14.29061,0.00046,0,0,0,0,0.00251,0.12498,0.00022,0,0.00297,0.00024,0.00026,0,0,0.00457,0.00088,0.00026,0.00015
33,F03,R2,0,0,0,0.02951,0.03479,0.12733,9.39915,0,0,0.21001,0,0,0,0.00097,0,0.00046,0,0,0.00045,0,0,0,0,0,0,0,0,0,0,0,0,0,0,0.00081,0,0,0,0,0,0,0,0,0,0,0,0,0,0,0,0,0,0,0.00241,0.11594,0,0,0,0,0,0,0,0,0,0,0,0,0.00013,0.01197,0.00617,0.00031,0,0.01216,0,0.0039,0,0.00011,0,0.0966,0,0.01643,0,0,0,0,0.01115,0.02341,13.66649,0.00077,0,0,0,0,0,0.09706,0.00019,0,0.00045,0,0,0,0,0.00043,0,0,0
34,F05,R1,0.00026,0,0,0.05001,0.02042,0.19606,1.83793,0,0,0.08115,0,0,0,0,0.00013,0,0,0,0,0,0,0,0,0,0,0,0.00018,0,0,0,0,0,0,0,0,0,0,0,0,0,0,0,0,0,0,0,0,0,0,0,0,0,0.00417,0.02153,0,0,0,0,0,0,0,0,0,0,0,0,0,0,0.00285,0,0,0.00035,0,0,0,0,0,0.01986,0,0.04591,0,0,0,0,0.02304,0.00587,11.13739,0,0.00019,0.00806,0,0,0,0.02858,0,0,0.00011,0.00079,0,0,0,0.00378,0.00029,0,0.00012
35,F07,R2,0,0,0.00602,0.04441,0.08623,0.22789,3.17853,0.00147,0.00118,0.54625,0,0,0.00111,0.0005,0.00072,0,0.00137,0,0,0,0.00285,0,0,0,0,0,0.00039,0.00032,0,0,0,0.00048,0,0.00019,0,0,0,0.00016,0,0,0.0002,0,0,0.0002,0,0.00032,0.00038,0,0.0024,0.00012,0,0,0.00552,0.03041,0,0,0.00324,0,0,0.0005,0,0,0,0,0,0,0.00379,0.01689,0.03028,0.00295,0,0.02766,0.00103,0.03102,0,0.00029,0,0.15243,0,0.04376,0.00216,0.00201,0.00124,0.00251,0.02683,0.02502,13.32349,0.00105,0.00207,0.01024,0.02278,0,0,0.10776,0,0,0.00674,0,0,0,0,0.00201,0.0011,0.00044,0
36,F09,R1,0,0,0,0.03611,0.04812,0.06918,1.37282,0,0.01199,1.07143,0,0,0,0,0,0,0,0,0,0,0,0,0,0,0,0,0,0,0,0,0,0,0,0,0,0,0,0,0,0,0,0,0,0,0,0,0,0,0,0,0,0,0.0018,0,0,0,0,0,0,0,0,0,0,0,0,0,0,0.01526,0.00421,0.00153,0,0.0003,0,0.01373,0,0,0,0.01228,0,0.00949,0,0,0,0,0.00259,0.01093,19.23768,0,0,0,0.05941,0,0.00443,0.12399,0,0,0.00108,0,0,0,0,0.0004,0.00022,0,0
37,F11,R2,0,0,0,0.05448,0.00152,0.20224,4.7187,0,0.00461,0.51306,0,0,0,0.00161,0.00043,0,0.00013,0,0,0,0,0,0,0,0,0,0.00025,0,0,0,0,0.00031,0,0.00011,0,0,0,0,0,0,0,0,0.00011,0,0,0.00023,0,0,0.00308,0,0,0,0.00083,0.00923,0,0,0.005,0,0,0.0007,0,0.00012,0,0,0,0,0.00527,0.0067,0.01821,0,0,0.01405,0,0.02732,0.00256,0,0,0.1218,0,0.03826,0,0,0,0.00252,0.02487,0.02568,12.48899,0.00127,0.00038,0.00229,0.00092,0,0.00285,0.1654,0.00086,0,0.00045,0,0,0,0.00026,0.00648,0.00131,0.00074,0.00018
38,G01,R1,0,0,0,0.03255,0.0041,0.38183,8.7871,0,0.00576,0.37005,0,0,0,0.00103,0.00025,0,0.00051,0,0,0,0,0,0,0,0,0,0.0001,0.00013,0,0,0,0.00047,0,0.00037,0,0,0,0,0.0001,0,0,0,0,0,0,0.00067,0.00039,0,0.00319,0,0,0,0.00144,0.03111,0.00012,0,0.00339,0,0,0,0,0,0,0.00017,0,0.00092,0.01237,0.02341,0.02542,0.00549,0.00059,0.02532,0,0.02505,0.00259,0.00816,0,0.21174,0,0.0348,0.00526,0.00351,0.00179,0.00128,0.0301,0.03223,13.87787,0.00084,0.003,0.00762,0.00437,0.00272,0.00399,0.16545,0,0,0.0007,0.00012,0,0,0.00033,0.00523,0.00214,0.00077,0.00017
39,G03,R2,0,0,0,0.02492,0.01851,0.1713,11.76619,0,0,0.10851,0,0,0,0,0,0,0,0,0,0,0,0,0,0,0,0,0.00017,0,0,0,0,0,0,0,0,0,0,0,0,0,0,0,0,0,0,0,0,0,0,0,0,0,0.00088,0.04778,0,0,0,0,0,0,0,0,0,0,0,0,0,0.0005,0.00347,0.00167,0,0.0047,0,0.00107,0,0,0,0.11374,0,0.01239,0,0,0,0,0.01303,0.02495,14.13328,0.00187,0,0.00022,0,0,0,0.14273,0,0,0.00019,0,0,0,0,0.0012,0.0006,0,0
40,G05,R1,0,0,0,0.02502,0.00475,0.26381,3.5593,0.00031,0.00408,0.63622,0,0,0,0.00157,0.00033,0,0.00014,0,0,0,0.0016,0,0,0,0,0.00014,0.00024,0,0.00011,0,0,0.00086,0,0.00015,0,0,0,0.0002,0.0005,0,0,0,0,0.00014,0,0.00306,0.00036,0,0.00494,0.0053,0,0,0.00367,0.04661,0,0.00023,0.00313,0.00011,0,0,0,0,0.0002,0.0001,0.00017,0,0.00807,0.02297,0.03152,0.00216,0,0.02999,0.00191,0.03893,0.00149,0.00133,0,0.13509,0,0.05665,0.00349,0.00307,0.00237,0.00066,0.03928,0.02134,18.22923,0.00084,0.00514,0.00855,0.00113,0.00311,0.00173,0.14285,0,0,0.00055,0,0,0.00225,0.00012,0.03163,0.00065,0.00055,0
41,G07,R2,0.00013,0,0,0.03626,0.07884,0.17895,3.27587,0,0.00041,0.53086,0,0,0.00135,0,0,0.00014,0,0,0,0,0,0,0,0,0,0,0.00034,0.00013,0,0,0,0.00048,0,0,0,0,0,0,0,0,0,0,0,0,0,0,0,0,0.00691,0,0,0,0.00436,0.02739,0,0,0.00014,0,0,0,0,0,0,0,0,0,0.00488,0.02617,0.01242,0.00024,0,0.02027,0.00012,0.01761,0,0,0,0.08213,0,0.07137,0,0.00169,0,0.00132,0.02066,0.01725,16.12486,0.00083,0.00018,0,0,0,0.00321,0.10043,0,0,0.00407,0,0,0,0,0.00066,0.00101,0.00062,0
42,G09,R1,0,0,0,0.05649,0.00322,0.20658,4.47327,0,0.00375,0.51793,0,0,0,0.00121,0.0005,0,0.00054,0,0,0,0,0,0,0.00056,0,0.00096,0.00015,0,0,0,0,0.00016,0,0.00033,0,0,0.00034,0.0001,0.00026,0,0,0.00011,0,0,0,0.00204,0.0003,0,0.00647,0.00532,0,0,0.00119,0.07989,0,0,0.00302,0,0,0.00031,0,0,0,0.00014,0,0.00231,0.00361,0.02125,0.01601,0.00111,0,0.02661,0,0.03669,0,0.0028,0,0.19077,0,0.05155,0.00349,0.00268,0.00174,0.00146,0.0312,0.0224,12.51887,0.0008,0.00322,0.00666,0.00011,0,0.00634,0.13457,0.00031,0,0.00034,0,0.00055,0.0016,0.0002,0.00546,0.00145,0.00069,0.00011
43,G11,R2,0,0,0,0.02869,0,0.16161,2.13689,0,0.0022,2.0933,0,0,0,0,0,0,0.00033,0,0,0,0,0,0,0,0,0,0.00012,0,0,0,0,0,0,0,0,0,0,0,0,0,0,0.00026,0,0,0.00027,0,0,0,0,0,0,0,0.00103,0.03489,0,0,0.00472,0,0,0,0,0,0,0,0,0,0,0.00312,0.00293,0,0,0.00175,0,0.01269,0,0,0,0.02842,0,0.01894,0,0,0,0,0.00046,0.00834,22.58391,0,0,0,0.00016,0,0.00358,0.09276,0,0,0,0,0,0,0,0.00432,0.00069,0.00015,0.00019
44,H01,R1,0,0,0,0.04557,0.00393,0.19647,7.62594,0,0.00407,0.38814,0,0,0.00038,0.00054,0.00026,0,0.00132,0,0,0.00126,0,0,0,0,0,0.00038,0.00016,0,0,0,0,0.00018,0,0.00385,0,0,0,0.00012,0,0,0.00023,0,0.00013,0,0,0.00051,0.00031,0,0.00457,0.00492,0,0,0.00201,0.02701,0,0.00019,0.0049,0,0,0,0,0,0,0,0,0.00024,0.00897,0.02164,0.02647,0.00334,0,0.02684,0.00019,0.03815,0,0.00039,0,0.20198,0,0.02993,0.00012,0.00252,0.002,0.0008,0.01804,0.03849,11.5057,0.00086,0.00283,0.00871,0.01279,0,0.00574,0.14245,0.00092,0.00023,0.00466,0,0.00048,0,0.00033,0.00532,0.002,0.00059,0.0002
45,H03,R2,0,0,0,0.0179,0.00409,0.15251,3.90713,0.00038,0.00222,1.79802,0.00015,0,0.00044,0.00088,0.00033,0,0.0003,0,0,0,0.00104,0,0,0.00048,0,0.00054,0.00026,0,0,0.00011,0,0.00056,0,0.00109,0,0,0,0,0.00014,0.00019,0,0,0,0,0,0.00023,0.00026,0,0.00403,0.00158,0.00018,0,0.00103,0.03942,0,0,0.00267,0,0,0.00031,0.00017,0,0.00014,0,0,0.00015,0.01017,0.02325,0.0145,0.00362,0,0.02592,0.00079,0.03055,0,0.0036,0.00018,0.23631,0,0.04623,0.00234,0.00201,0.00103,0.00094,0.01791,0.0146,21.87616,0.00074,0.00288,0.00557,0.00434,0,0.00105,0.11738,0,0,0.00034,0,0.00019,0.00076,0.00014,0.18733,0.00145,0.00049,0.00019
46,H05,R1,0,0,0,0.04776,0,0.0417,1.24154,0,0,0.13237,0,0,0,0.02981,0,0,0,0,0,0,0,0,0,0,0,0.00104,0,0,0,0,0,0,0,0,0,0,0,0,0,0,0,0,0,0,0,0,0,0,0,0.00271,0,0,0.00075,0.03878,0,0,0,0,0,0,0,0,0,0,0,0,0,0,0.00159,0.00173,0,0,0,0.01703,0,0,0,0.07611,0,0.01017,0,0,0,0,0.03915,0.00046,10.49362,0.00098,0,0.00068,0,0,0,0.06958,0,0,0,0,0,0,0,0.00372,0.00054,0,0.00051
47,H07,R2,0,0,0,0.04157,0.02276,0.14885,2.0886,0,0,0.50368,0,0,0,0,0,0,0,0,0,0,0,0,0,0,0,0,0.00023,0,0,0,0,0.00082,0,0,0,0,0,0,0,0,0,0,0,0,0,0,0,0,0,0,0,0,0.00177,0,0,0,0,0,0,0,0,0,0,0,0,0,0,0.00513,0.01482,0.0002,0,0.00027,0,0.00181,0,0,0,0.02888,0,0.07627,0.00175,0,0,0,0.00179,0.01903,16.46174,0.00066,0,0,0,0,0.00394,0.07702,0,0,0.00035,0,0,0,0,0.00042,0,0,0.00014
48,H09,R1,0,0,0.00032,0.03364,0.00123,0.34755,4.16437,0,0.00306,0.90218,0,0,0.00096,0,0.00025,0,0,0,0,0,0.0025,0,0,0,0,0,0,0,0,0,0,0.00057,0,0.00039,0,0,0,0,0,0,0,0,0,0,0,0,0.00014,0,0.00716,0,0,0,0.00162,0.06453,0,0,0.00284,0,0.00033,0.00013,0,0,0,0,0,0.0021,0.00186,0.02141,0.01863,0,0,0.01973,0.0024,0.02324,0,0.00065,0,0.0744,0,0.03602,0,0.00317,0.00162,0.00082,0.01394,0.02671,16.34161,0.00074,0.00135,0.00333,0.00037,0,0,0.19134,0.00169,0,0.00033,0,0.00031,0,0.00036,0.00783,0.00178,0.00063,0.00017
49,H11,R2,0,0,0,0.02897,0.0015,0.23929,1.5147,0,0,0.66994,0,0,0.00217,0,0,0,0,0,0,0,0,0,0,0,0,0,0.00016,0,0,0,0,0.00069,0,0,0,0,0,0,0,0,0.00011,0,0,0,0,0,0,0,0,0,0,0,0.00062,0.02699,0,0,0,0,0,0,0.00029,0,0,0,0,0.00034,0,0,0.00307,0,0,0.00072,0,0.00532,0,0,0,0.02406,0,0.02656,0,0.00406,0,0,0.02651,0.01956,19.07379,0.00106,0,0,0,0,0.00424,0.09075,0.00012,0,0.00861,0.00016,0,0,0,0.00102,0.00031,0.0002,0
