,sample_id,OM,ENR,CEC,pH,BpH,Phosphorus,Potassium,Calcium,Magnesium,Sulfur,Sodium,Zinc,Manganese,Iron,Copper,Boron,site_id,collect_date,V2,species
0,RRL1,19.4,150.0,9.5,5.9,6.77,10.0,180.0,1200.0,153.0,8.0,38.0,2.2,68.0,82.0,4.1,0.3,RRL,6/25/2021,0.246756057,exaltata
1,RRL2,21.3,150.0,8.4,6.0,6.8,9.0,170.0,1069.0,148.0,12.0,19.0,3.0,93.0,75.0,4.5,0.4,RRL,6/25/2021,0.291587812,exaltata
2,RRL3,22.5,150.0,7.1,5.9,6.81,16.0,119.0,853.0,153.0,13.0,18.0,3.8,97.0,100.0,2.9,0.2,RRL,6/25/2021,0.221953818,exaltata
3,RRL4,28.9,150.0,8.1,5.5,6.72,17.0,114.0,878.0,148.0,11.0,17.0,3.1,79.0,131.0,2.6,0.2,RRL,6/25/2021,0.279633368,exaltata
4,RRL5,25.6,150.0,8.4,6.0,6.8,17.0,139.0,1059.0,162.0,11.0,18.0,4.7,130.0,103.0,1.9,0.3,RRL,6/25/2021,0.427512638,exaltata
5,RRL6,12.5,150.0,5.4,5.7,6.82,8.0,152.0,576.0,112.0,10.0,17.0,1.6,90.0,83.0,2.7,0.2,RRL,6/25/2021,0.346038525,exaltata
6,RRL7,14.9,150.0,7.7,5.8,6.78,8.0,149.0,902.0,148.0,8.0,18.0,2.2,115.0,81.0,3.4,0.2,RRL,6/25/2021,0.224518484,exaltata
7,RRL9,17.6,150.0,4.8,5.4,6.79,11.0,107.0,471.0,89.0,13.0,17.0,2.1,72.0,98.0,3.4,0.2,RRL,6/25/2021,0.418634317,exaltata
8,RRL10,15.2,150.0,4.6,5.3,6.79,6.0,91.0,442.0,79.0,11.0,17.0,1.1,86.0,96.0,3.0,0.2,RRL,6/25/2021,0.407226935,exaltata
9,RRL11,21.4,150.0,8.8,5.5,6.7,8.0,105.0,1013.0,133.0,11.0,18.0,2.5,130.0,110.0,3.3,0.2,RRL,6/25/2021,0.415827155,exaltata
10,RRL12,17.9,150.0,9.6,5.6,6.71,8.0,144.0,1107.0,169.0,10.0,18.0,2.5,115.0,92.0,3.5,0.3,RRL,6/25/2021,0.378610566,exaltata
11,RRL13,15.3,150.0,7.9,5.6,6.75,7.0,118.0,919.0,129.0,8.0,18.0,2.3,73.0,76.0,2.9,0.3,RRL,6/25/2021,0.14313463,exaltata
12,RRL16,12.4,150.0,6.4,5.4,6.75,7.0,184.0,646.0,102.0,11.0,17.0,1.9,74.0,75.0,2.7,0.2,RRL,6/25/2021,0.376871167,exaltata
13,RRL17,14.7,150.0,6.7,6.0,6.83,9.0,172.0,824.0,133.0,7.0,16.0,2.6,87.0,76.0,1.8,0.2,RRL,6/25/2021,0.408486828,exaltata
14,RRL18,12.6,150.0,7.7,6.2,6.84,7.0,134.0,1028.0,151.0,8.0,19.0,2.7,94.0,90.0,1.9,0.3,RRL,6/25/2021,0.243565632,exaltata
15,RRL19,10.5,150.0,6.8,6.3,6.86,7.0,144.0,863.0,156.0,5.0,20.0,2.5,116.0,78.0,1.5,0.2,RRL,6/25/2021,0.32191292,exaltata
16,RRL20,13.1,150.0,4.4,5.0,6.75,7.0,97.0,355.0,64.0,12.0,17.0,1.1,56.0,83.0,1.9,0.2,RRL,6/25/2021,0.112471831,exaltata
17,RRL21,11.2,150.0,4.2,5.6,6.83,5.0,143.0,402.0,85.0,7.0,16.0,1.5,35.0,81.0,2.5,0.2,RRL,6/25/2021,0.211598351,exaltata
18,RRL22,15.7,150.0,7.5,5.8,6.79,8.0,155.0,870.0,149.0,6.0,18.0,2.3,91.0,73.0,2.1,0.3,RRL,6/25/2021,0.208825287,exaltata
19,FRW1,9.8,150.0,13.6,6.4,6.81,26.0,170.0,2184.0,120.0,8.0,18.0,5.7,40.0,110.0,2.6,0.7,FRW,6/25/2021,0.7852478009999999,syriaca
20,FRW2,6.7,150.0,12.4,6.8,6.89,36.0,131.0,2118.0,115.0,9.0,16.0,4.6,50.0,103.0,2.5,0.7,FRW,6/25/2021,0.995266379,syriaca
21,FRW3,11.2,150.0,15.0,6.4,6.8,25.0,133.0,2437.0,127.0,9.0,21.0,6.4,50.0,112.0,2.4,0.9,FRW,6/25/2021,0.95193434,syriaca
22,FRW4,11.5,150.0,15.2,6.6,6.84,27.0,157.0,2548.0,133.0,8.0,16.0,5.5,45.0,117.0,2.6,1.0,FRW,6/25/2021,0.656546865,syriaca
23,FRW6,12.8,150.0,15.2,6.3,6.77,34.0,152.0,2392.0,143.0,9.0,19.0,5.0,37.0,113.0,2.3,0.8,FRW,6/25/2021,0.963354074,syriaca
24,FRW8,11.3,150.0,15.5,6.7,6.86,39.0,180.0,2620.0,132.0,11.0,36.0,6.0,46.0,109.0,2.4,1.0,FRW,6/25/2021,0.6929732259999999,syriaca
25,FRW9,9.0,150.0,13.1,6.4,6.81,24.0,191.0,2077.0,112.0,8.0,16.0,3.9,41.0,113.0,2.2,0.7,FRW,6/25/2021,0.949617207,syriaca
26,FRW10,8.3,150.0,12.6,6.8,6.89,27.0,123.0,2203.0,102.0,8.0,16.0,4.1,45.0,94.0,2.7,0.7,FRW,6/25/2021,0.99999504,syriaca
27,FRW11,9.9,150.0,14.4,7.0,6.93,32.0,120.0,2609.0,121.0,8.0,15.0,5.8,51.0,112.0,2.9,0.9,FRW,6/25/2021,0.99986691,syriaca
28,FRW12,11.9,150.0,12.8,6.6,6.85,25.0,137.0,2098.0,130.0,7.0,20.0,4.7,49.0,94.0,1.8,0.9,FRW,6/25/2021,0.996053809,syriaca
29,FRW13,8.6,150.0,14.9,6.7,6.86,48.0,285.0,2458.0,133.0,8.0,20.0,5.4,48.0,101.0,2.7,1.0,FRW,6/25/2021,0.93800131,syriaca
30,MMP1,29.1,150.0,12.1,5.1,6.48,53.0,99.0,1205.0,145.0,20.0,16.0,11.1,30.0,73.0,0.5,0.3,MMP,6/28/2021,0.999987456,syriaca
31,MMP2,28.5,150.0,15.8,5.8,6.63,50.0,136.0,2071.0,249.0,18.0,15.0,9.3,35.0,54.0,0.6,0.5,MMP,6/28/2021,0.928784175,syriaca
32,MMP3,33.5,150.0,12.7,5.4,6.57,78.0,108.0,1433.0,189.0,21.0,15.0,11.3,34.0,64.0,0.5,0.4,MMP,6/28/2021,0.921600652,syriaca
33,MMP4,30.5,150.0,16.3,5.6,6.55,69.0,138.0,2009.0,244.0,21.0,15.0,11.8,43.0,56.0,0.5,0.5,MMP,6/28/2021,0.999937501,syriaca
34,MMP5,31.8,150.0,13.2,5.6,6.62,46.0,122.0,1614.0,199.0,20.0,15.0,9.6,28.0,51.0,0.6,0.4,MMP,6/28/2021,0.920482076,syriaca
35,MMP6,24.9,150.0,13.0,5.3,6.53,39.0,136.0,1373.0,202.0,19.0,15.0,6.2,23.0,45.0,0.5,0.4,MMP,6/28/2021,0.999993011,syriaca
36,MMP7,28.3,150.0,17.9,5.6,6.51,48.0,129.0,2234.0,255.0,22.0,18.0,12.7,36.0,65.0,0.6,0.4,MMP,6/28/2021,0.983129509,syriaca
37,MMP8,28.2,150.0,17.1,6.0,6.67,69.0,145.0,2285.0,316.0,21.0,15.0,14.1,44.0,56.0,0.6,0.6,MMP,6/28/2021,0.999999914,syriaca
38,MMP9,28.2,150.0,15.1,5.7,6.61,61.0,141.0,1855.0,267.0,19.0,15.0,12.6,37.0,60.0,0.6,0.5,MMP,6/28/2021,0.904952487,syriaca
39,MMP10,24.3,150.0,12.4,5.6,6.64,46.0,151.0,1442.0,216.0,21.0,16.0,9.6,34.0,56.0,0.5,0.4,MMP,6/28/2021,0.992059724,syriaca
40,MMP11,24.2,150.0,11.0,5.0,6.48,67.0,117.0,996.0,141.0,17.0,18.0,7.3,23.0,52.0,0.5,0.2,MMP,6/28/2021,0.9093784,syriaca
41,MMP12,26.3,150.0,11.9,5.3,6.56,57.0,137.0,1199.0,212.0,17.0,15.0,9.1,31.0,52.0,0.5,0.4,MMP,6/28/2021,0.988045417,syriaca
42,MMP13,32.0,150.0,14.2,5.9,6.69,72.0,232.0,1714.0,311.0,20.0,16.0,11.8,54.0,58.0,0.6,0.6,MMP,6/28/2021,0.961333795,syriaca
43,MMP14,43.6,150.0,21.5,6.0,6.6,103.0,165.0,2932.0,361.0,20.0,14.0,18.2,57.0,59.0,0.8,0.8,MMP,6/28/2021,0.999996167,syriaca
44,MMP15,30.3,150.0,20.8,4.9,6.1,80.0,138.0,1856.0,237.0,20.0,15.0,11.1,42.0,72.0,0.5,0.5,MMP,6/28/2021,0.985847727,syriaca
45,MMP16,24.8,150.0,12.3,5.7,6.67,95.0,182.0,1529.0,179.0,25.0,14.0,13.9,84.0,70.0,0.5,0.4,MMP,6/28/2021,0.999880149,syriaca
46,MMP17,37.9,150.0,16.7,5.8,6.61,97.0,128.0,2190.0,260.0,24.0,16.0,17.9,44.0,69.0,0.6,0.6,MMP,6/28/2021,0.99612139,syriaca
47,MMP18,29.0,150.0,10.7,5.0,6.49,38.0,94.0,1013.0,116.0,21.0,17.0,10.2,20.0,68.0,0.4,0.3,MMP,6/28/2021,0.966110769,syriaca
48,MMP19,35.2,150.0,14.7,6.1,6.73,110.0,140.0,2004.0,272.0,21.0,17.0,13.6,60.0,71.0,0.6,0.7,MMP,6/28/2021,0.950022725,syriaca
49,CMB6,34.6,150.0,13.7,5.0,6.37,71.0,162.0,1251.0,165.0,21.0,17.0,18.0,37.0,161.0,0.5,0.5,CMB,6/29/2021,0.388694493,syriaca
50,CMB8,23.6,150.0,12.4,5.5,6.61,107.0,124.0,1230.0,321.0,17.0,14.0,12.8,19.0,81.0,0.6,0.3,CMB,6/29/2021,0.999999966,syriaca
51,CMB9,27.4,150.0,13.7,5.2,6.46,99.0,140.0,1256.0,280.0,16.0,14.0,14.6,15.0,92.0,0.6,0.3,CMB,6/29/2021,0.999998074,syriaca
52,CMB10,26.2,150.0,9.4,4.6,6.42,79.0,98.0,620.0,104.0,27.0,15.0,11.9,23.0,107.0,0.7,0.2,CMB,6/29/2021,0.999777121,syriaca
53,CMB11,32.7,150.0,8.4,4.8,6.54,105.0,95.0,649.0,115.0,25.0,14.0,11.1,25.0,97.0,0.5,0.2,CMB,6/29/2021,0.999999983,syriaca
54,CMB13,29.2,150.0,9.8,4.9,6.5,60.0,91.0,805.0,139.0,20.0,14.0,11.5,19.0,80.0,0.5,0.2,CMB,6/29/2021,0.989130596,syriaca
55,CMB14,33.0,150.0,8.4,4.8,6.54,60.0,81.0,665.0,102.0,25.0,18.0,10.9,17.0,88.0,0.5,0.2,CMB,6/29/2021,0.99999205,syriaca
56,CMB15,29.4,150.0,8.2,5.1,6.62,36.0,122.0,713.0,139.0,22.0,23.0,11.1,16.0,81.0,0.5,0.3,CMB,6/29/2021,0.998547653,syriaca
57,CMB16,28.7,150.0,10.8,5.6,6.68,51.0,155.0,1222.0,208.0,22.0,16.0,12.3,21.0,77.0,0.4,0.3,CMB,6/29/2021,0.999243483,syriaca
58,CMB17,27.2,150.0,10.3,5.4,6.64,44.0,174.0,1132.0,151.0,22.0,15.0,14.3,22.0,83.0,0.5,0.3,CMB,6/29/2021,1.0,syriaca
59,CMB18,25.6,150.0,13.3,5.7,6.65,88.0,139.0,1557.0,275.0,18.0,14.0,13.8,29.0,81.0,0.4,0.4,CMB,6/29/2021,0.999999996,syriaca
60,CMB19,24.2,150.0,12.4,5.5,6.61,47.0,143.0,1371.0,231.0,18.0,15.0,14.5,20.0,88.0,0.5,0.4,CMB,6/29/2021,0.999935194,syriaca
61,CMB20,23.7,150.0,12.3,5.1,6.47,77.0,111.0,1163.0,179.0,16.0,14.0,12.4,26.0,78.0,0.5,0.3,CMB,6/29/2021,0.994411087,syriaca
62,CMB21,31.1,150.0,13.9,4.9,6.32,52.0,105.0,1184.0,190.0,19.0,15.0,17.0,17.0,91.0,0.5,0.3,CMB,6/29/2021,0.999994372,syriaca
63,CMB22,32.4,150.0,9.3,5.3,6.64,72.0,104.0,925.0,168.0,22.0,14.0,11.0,24.0,88.0,0.4,0.3,CMB,6/29/2021,0.99897665,syriaca
64,CMB23,36.9,150.0,13.0,5.4,6.56,70.0,176.0,1436.0,193.0,20.0,17.0,19.5,33.0,111.0,0.5,0.3,CMB,6/29/2021,0.982635596,syriaca
65,CMB24,23.6,150.0,11.6,4.9,6.42,50.0,118.0,989.0,143.0,24.0,13.0,12.8,21.0,97.0,0.5,0.3,CMB,6/29/2021,1.0,syriaca
66,CMB25,30.5,150.0,13.3,5.8,6.68,112.0,171.0,1624.0,262.0,19.0,17.0,15.9,56.0,77.0,0.5,0.4,CMB,6/29/2021,0.969494357,syriaca
67,CMB26,24.5,150.0,11.6,5.4,6.6,49.0,172.0,1255.0,183.0,21.0,17.0,16.3,30.0,125.0,0.5,0.3,CMB,6/29/2021,0.998350817,syriaca
68,CMB27,27.2,150.0,8.6,5.3,6.66,71.0,164.0,819.0,159.0,21.0,16.0,14.7,33.0,80.0,0.5,0.3,CMB,6/29/2021,1.0,syriaca
69,CMB28,22.8,150.0,8.0,5.1,6.63,42.0,102.0,749.0,109.0,21.0,15.0,8.7,16.0,79.0,0.4,0.2,CMB,6/29/2021,0.999846434,syriaca
70,SLG1,14.7,150.0,4.6,5.3,6.79,51.0,69.0,473.0,70.0,12.0,14.0,2.9,37.0,67.0,0.5,0.2,SLG,6/28/2021,0.473557148,exaltata
71,SLG2,16.3,150.0,7.5,5.4,6.72,55.0,59.0,842.0,113.0,11.0,15.0,3.7,49.0,59.0,0.5,0.2,SLG,6/28/2021,0.31804617,exaltata
72,SLG3,23.6,150.0,7.6,5.5,6.73,52.0,75.0,899.0,106.0,14.0,16.0,5.8,65.0,94.0,0.6,0.2,SLG,6/28/2021,0.44815706,exaltata
73,SLG4,18.8,150.0,7.3,5.3,6.7,65.0,78.0,780.0,106.0,14.0,15.0,3.9,67.0,93.0,0.6,0.2,SLG,6/28/2021,0.41252699,exaltata
74,SLG5,17.0,150.0,5.2,5.4,6.78,50.0,61.0,556.0,82.0,17.0,15.0,4.7,46.0,85.0,0.5,0.1,SLG,6/28/2021,0.307914727,exaltata
75,SLG6,12.6,150.0,5.2,5.3,6.77,64.0,126.0,495.0,84.0,14.0,16.0,4.2,41.0,90.0,0.5,0.1,SLG,6/28/2021,0.48294375,exaltata
76,SLG8,9.9,150.0,7.9,5.4,6.71,27.0,75.0,862.0,130.0,12.0,16.0,5.3,35.0,105.0,0.6,0.1,SLG,6/28/2021,0.999503515,syriaca
77,SLG10,15.9,150.0,10.0,5.5,6.67,36.0,88.0,1149.0,162.0,10.0,15.0,3.3,58.0,92.0,0.5,0.3,SLG,6/28/2021,0.999994941,syriaca
78,SLG13,11.0,150.0,14.9,6.9,6.91,29.0,119.0,2207.0,400.0,13.0,14.0,1.5,62.0,91.0,0.8,0.7,SLG,6/28/2021,0.869887693,syriaca
79,SLG14,6.8,150.0,15.7,7.3,6.93,25.0,72.0,2669.0,257.0,11.0,13.0,3.5,53.0,88.0,1.5,1.0,SLG,6/28/2021,0.999812032,syriaca
80,SLG15,10.4,150.0,11.3,6.6,6.86,35.0,113.0,1614.0,266.0,10.0,14.0,2.5,44.0,74.0,0.7,0.5,SLG,6/28/2021,0.999837812,syriaca
81,SLG16,6.8,150.0,8.9,6.7,6.89,60.0,81.0,1296.0,208.0,7.0,13.0,2.4,48.0,79.0,0.7,0.4,SLG,6/28/2021,0.999521809,syriaca
82,SLG17,9.4,150.0,15.7,6.8,6.88,76.0,75.0,2427.0,334.0,13.0,13.0,4.1,53.0,118.0,1.5,0.9,SLG,6/28/2021,0.880211753,syriaca
83,SLG18,8.6,150.0,17.4,7.1,6.93,66.0,60.0,2876.0,341.0,12.0,14.0,8.7,66.0,129.0,1.9,1.1,SLG,6/28/2021,0.960833927,syriaca
84,SLG20,5.9,149.0,13.0,7.3,6.93,102.0,91.0,2073.0,269.0,8.0,38.0,4.0,50.0,113.0,1.3,0.8,SLG,6/28/2021,1.0,syriaca
85,SLG21,6.1,150.0,9.8,6.6,6.87,65.0,100.0,1421.0,209.0,11.0,14.0,5.3,47.0,87.0,1.1,0.5,SLG,6/28/2021,0.998071671,syriaca
86,SLG23,7.7,150.0,14.7,7.1,6.93,74.0,89.0,2318.0,335.0,12.0,14.0,5.1,56.0,131.0,1.8,1.0,SLG,6/28/2021,0.999999515,syriaca
87,LFS1,27.0,150.0,14.1,5.0,6.35,148.0,101.0,1370.0,139.0,29.0,15.0,15.9,49.0,105.0,0.7,0.5,LFS,6/28/2021,0.331716367,exaltata
88,LFS2,45.2,150.0,20.4,5.9,6.58,138.0,109.0,2764.0,326.0,22.0,16.0,44.6,96.0,104.0,1.2,0.8,LFS,6/28/2021,0.198886866,exaltata
89,LFS3,26.8,150.0,21.7,5.9,6.56,116.0,143.0,2940.0,348.0,21.0,15.0,40.8,115.0,109.0,1.4,0.8,LFS,6/28/2021,0.221165635,exaltata
90,LFS4,29.0,150.0,18.0,5.5,6.47,101.0,123.0,2251.0,207.0,32.0,20.0,20.5,94.0,122.0,0.8,0.8,LFS,6/28/2021,1.46e-06,exaltata
91,LFS5,26.6,150.0,20.3,5.5,6.41,101.0,113.0,2529.0,253.0,22.0,15.0,26.2,50.0,70.0,0.7,0.7,LFS,6/28/2021,0.060469465,exaltata
92,LFS6,26.9,150.0,20.9,5.7,6.49,83.0,134.0,2747.0,283.0,28.0,15.0,27.4,64.0,66.0,0.7,0.9,LFS,6/28/2021,0.250345752,exaltata
93,LFS7,31.9,150.0,18.7,5.3,6.35,137.0,107.0,2183.0,195.0,31.0,15.0,24.1,79.0,96.0,0.7,0.7,LFS,6/28/2021,0.27031741800000003,exaltata
94,LFS8,44.6,150.0,0.4,6.2,6.93,1.0,4.0,43.0,10.0,1.0,10.0,0.1,1.0,1.0,0.1,0.1,LFS,6/28/2021,0.242603207,exaltata
95,LFS9,45.6,150.0,17.9,5.9,6.62,115.0,96.0,2512.0,232.0,27.0,16.0,24.1,115.0,81.0,0.8,0.7,LFS,6/28/2021,0.5342088110000001,exaltata
96,LFS11,38.3,150.0,15.5,5.6,6.57,60.0,149.0,2004.0,170.0,33.0,16.0,20.8,54.0,146.0,0.6,0.6,LFS,6/28/2021,0.150532867,exaltata
97,LFS12,47.9,150.0,16.2,5.7,6.59,98.0,167.0,2097.0,212.0,24.0,17.0,21.9,119.0,149.0,0.9,0.7,LFS,6/28/2021,0.254647149,exaltata
98,LFS13,39.5,150.0,24.6,6.2,6.63,66.0,116.0,3771.0,283.0,24.0,16.0,43.5,63.0,60.0,1.0,1.2,LFS,6/28/2021,0.110557472,exaltata
99,LFS14,37.0,150.0,23.1,6.2,6.65,105.0,130.0,3492.0,292.0,22.0,15.0,33.7,141.0,51.0,1.0,1.2,LFS,6/28/2021,0.415349998,exaltata
100,LFS15,32.3,150.0,22.8,5.3,6.22,74.0,141.0,2701.0,217.0,34.0,15.0,21.0,64.0,82.0,0.7,1.0,LFS,6/28/2021,0.249776299,exaltata
101,RGT1,12.1,150.0,17.6,6.6,6.83,42.0,156.0,2831.0,240.0,13.0,16.0,8.5,59.0,121.0,2.0,1.3,RGT,6/21/2021,0.999927077,syriaca
102,RGT2,12.0,150.0,15.5,6.7,6.86,57.0,227.0,2492.0,209.0,10.0,15.0,4.4,60.0,98.0,1.1,1.0,RGT,6/21/2021,0.999282893,syriaca
103,RGT3,11.5,150.0,17.0,6.7,6.85,61.0,238.0,2720.0,226.0,10.0,16.0,4.0,68.0,92.0,1.0,1.0,RGT,6/21/2021,1.0,syriaca
104,RGT4,12.1,150.0,14.8,6.4,6.8,67.0,176.0,2181.0,249.0,10.0,16.0,4.0,55.0,95.0,1.0,0.6,RGT,6/21/2021,0.999999941,syriaca
105,RGT5,12.3,150.0,15.9,6.2,6.74,69.0,140.0,2264.0,274.0,6.0,14.0,3.4,72.0,100.0,1.2,0.8,RGT,6/21/2021,0.999508419,syriaca
106,RGT6,12.4,150.0,22.0,6.9,6.9,80.0,191.0,3411.0,486.0,10.0,15.0,3.7,75.0,120.0,2.1,1.2,RGT,6/21/2021,0.999971273,syriaca
107,RGT7,13.7,150.0,21.0,7.0,6.93,72.0,111.0,3588.0,329.0,12.0,15.0,4.7,69.0,101.0,1.5,1.1,RGT,6/21/2021,0.99999935,syriaca
108,HR1,23.2,150.0,8.6,6.1,6.81,59.0,68.0,1170.0,158.0,13.0,15.0,5.1,92.0,88.0,1.1,0.3,HR,5/21/2021,0.26191662600000004,quadrifolia
109,HR4,25.7,150.0,11.1,6.0,6.76,53.0,93.0,1455.0,219.0,13.0,15.0,4.9,82.0,116.0,0.9,0.4,HR,5/21/2021,0.014970116,quadrifolia
110,HR5,17.3,150.0,8.8,6.2,6.82,49.0,57.0,1191.0,187.0,11.0,14.0,4.2,72.0,79.0,0.9,0.4,HR,5/21/2021,0.128436202,quadrifolia
111,HR6,38.1,150.0,6.0,5.4,6.76,25.0,55.0,639.0,104.0,11.0,14.0,3.3,42.0,129.0,0.6,0.2,HR,5/21/2021,0.259317275,quadrifolia
112,PTW1,14.4,150.0,9.8,5.8,6.74,46.0,151.0,1272.0,132.0,10.0,15.0,2.4,73.0,68.0,1.3,0.4,PTW,6/21/2021,0.08724231,exaltata
113,PTW2,15.1,150.0,9.2,5.5,6.69,41.0,216.0,1030.0,127.0,11.0,16.0,2.2,77.0,86.0,1.2,0.4,PTW,6/21/2021,0.099424202,exaltata
114,PTW3,14.6,150.0,5.3,5.2,6.75,37.0,100.0,515.0,71.0,14.0,16.0,1.6,56.0,93.0,1.0,0.2,PTW,6/21/2021,0.24624796,exaltata
115,PTW4,13.6,150.0,5.9,5.5,6.78,23.0,126.0,647.0,91.0,9.0,16.0,1.6,51.0,67.0,1.2,0.3,PTW,6/21/2021,0.190611213,exaltata
116,PTW5,15.4,150.0,7.0,5.8,6.8,17.0,133.0,837.0,131.0,10.0,15.0,1.7,60.0,86.0,1.9,0.3,PTW,6/21/2021,0.24507513,exaltata
117,PTW6,10.2,150.0,6.7,5.8,6.8,17.0,102.0,841.0,100.0,11.0,14.0,1.7,61.0,66.0,1.4,0.4,PTW,6/21/2021,0.110320222,exaltata
118,LM1,41.0,150.0,6.3,5.7,6.8,26.0,72.0,786.0,95.0,12.0,15.0,5.5,181.0,78.0,0.6,0.2,LM,5/18/2021,0.996051975,quadrifolia
119,LM3,9.4,150.0,5.0,5.2,6.76,45.0,92.0,494.0,63.0,15.0,14.0,1.0,68.0,130.0,0.5,0.1,LM,5/18/2021,0.099253109,quadrifolia
120,LM7,4.9,140.0,5.7,5.6,6.8,101.0,96.0,690.0,76.0,13.0,14.0,1.6,19.0,106.0,1.2,0.1,LM,5/18/2021,0.999385992,quadrifolia
121,LM8,8.3,150.0,9.6,6.1,6.8,132.0,154.0,1281.0,168.0,11.0,15.0,2.7,35.0,104.0,0.9,0.4,LM,5/18/2021,0.995175126,quadrifolia
122,LM9,9.1,150.0,12.4,6.2,6.78,225.0,193.0,1802.0,160.0,12.0,16.0,12.3,29.0,127.0,2.7,0.6,LM,6/25/2021,0.947113913,syriaca
123,LM10,9.2,150.0,14.5,6.3,6.78,247.0,251.0,2098.0,216.0,10.0,15.0,13.4,30.0,121.0,2.9,0.9,LM,6/25/2021,0.99998903,syriaca
124,LM11,9.4,150.0,11.7,6.3,6.81,171.0,243.0,1594.0,220.0,10.0,14.0,6.7,37.0,108.0,1.3,0.6,LM,6/25/2021,0.999997212,syriaca
125,LM12,9.0,150.0,11.7,5.7,6.68,141.0,196.0,1437.0,171.0,9.0,15.0,11.4,31.0,143.0,2.2,0.4,LM,6/25/2021,0.993939326,syriaca
126,LM13,8.9,150.0,11.0,6.2,6.8,164.0,189.0,1505.0,198.0,11.0,15.0,9.7,34.0,103.0,1.6,0.5,LM,6/25/2021,0.993886933,syriaca
127,LM14,11.9,150.0,15.2,5.8,6.64,181.0,213.0,2006.0,196.0,9.0,15.0,9.8,48.0,107.0,1.9,0.6,LM,6/25/2021,0.999996209,syriaca
128,LM15,10.1,150.0,14.8,6.1,6.73,218.0,177.0,2083.0,226.0,12.0,15.0,12.4,29.0,122.0,2.5,0.7,LM,6/25/2021,0.976830919,syriaca
129,LM16,10.2,150.0,15.7,6.2,6.74,257.0,249.0,2140.0,292.0,10.0,15.0,17.6,42.0,157.0,3.6,0.7,LM,6/25/2021,0.931411864,syriaca
130,LM17,13.0,150.0,16.8,5.9,6.64,233.0,131.0,2410.0,174.0,12.0,16.0,24.1,52.0,117.0,2.8,0.8,LM,6/25/2021,0.970629199,syriaca
131,LM18,11.3,150.0,16.4,5.9,6.65,234.0,261.0,2248.0,200.0,13.0,16.0,17.9,42.0,113.0,2.7,0.7,LM,6/25/2021,0.921160983,syriaca
132,LM20,11.1,150.0,10.6,5.7,6.71,63.0,242.0,1142.0,241.0,10.0,14.0,11.2,28.0,133.0,0.8,0.4,LM,6/25/2021,0.999999685,syriaca
133,LM21,10.6,150.0,13.9,5.5,6.57,56.0,389.0,1269.0,348.0,14.0,19.0,11.1,32.0,194.0,1.4,0.4,LM,6/25/2021,0.999080836,syriaca
134,LM22,11.1,150.0,10.8,5.7,6.7,48.0,140.0,1249.0,224.0,7.0,15.0,7.8,22.0,95.0,0.7,0.4,LM,6/25/2021,0.99613745,syriaca
135,LM23,14.6,150.0,15.8,6.0,6.69,78.0,230.0,1957.0,356.0,10.0,16.0,9.6,43.0,135.0,1.0,0.6,LM,6/25/2021,0.982562258,syriaca
136,LM25,8.3,150.0,11.2,5.7,6.69,68.0,114.0,1353.0,203.0,10.0,14.0,8.1,29.0,142.0,1.0,0.4,LM,6/25/2021,0.945970293,syriaca
137,LM28,5.4,148.0,7.1,6.2,6.84,37.0,189.0,824.0,185.0,7.0,13.0,4.9,31.0,93.0,0.8,0.3,LM,6/25/2021,0.977759091,syriaca
138,MKP1,7.7,150.0,15.7,7.2,6.93,17.0,82.0,2113.0,581.0,12.0,19.0,7.8,82.0,74.0,1.2,1.8,MKP,7/6/2021,0.96071195,syriaca
139,MKP2,6.3,150.0,15.1,7.1,6.93,13.0,82.0,1953.0,598.0,10.0,26.0,5.2,89.0,57.0,0.9,1.3,MKP,7/6/2021,0.977027431,syriaca
140,MKP3,8.5,150.0,15.9,7.3,6.93,12.0,94.0,2125.0,598.0,13.0,18.0,6.4,86.0,66.0,1.1,1.8,MKP,7/6/2021,0.9416044,syriaca
141,MKP4,6.4,150.0,15.2,7.0,6.93,7.0,115.0,1923.0,619.0,10.0,26.0,5.0,91.0,51.0,0.9,1.4,MKP,7/6/2021,0.999997617,syriaca
142,MKP5,9.4,150.0,18.5,7.4,6.93,15.0,99.0,2361.0,757.0,13.0,23.0,9.6,80.0,94.0,1.6,2.0,MKP,7/6/2021,0.986708141,syriaca
143,MKP6,0.5,36.0,19.9,7.7,6.93,3.0,31.0,3134.0,493.0,33.0,12.0,3.1,7.0,199.0,1.0,0.2,MKP,7/6/2021,0.964799716,syriaca
144,MKP7,9.9,150.0,17.2,7.0,6.93,25.0,62.0,2486.0,540.0,37.0,28.0,19.5,74.0,103.0,1.8,1.7,MKP,7/6/2021,0.99997927,syriaca
145,MKP8,7.5,150.0,14.0,7.4,6.93,17.0,59.0,1881.0,525.0,9.0,25.0,15.7,71.0,72.0,1.4,1.2,MKP,7/6/2021,0.998593042,syriaca
146,RF1,9.1,150.0,5.5,5.4,6.77,65.0,110.0,522.0,118.0,18.0,15.0,4.5,120.0,141.0,1.2,0.2,RF,7/6/2021,0.9001262459999999,syriaca
147,RF2,12.8,150.0,13.9,5.6,6.61,54.0,139.0,1524.0,314.0,18.0,15.0,6.7,201.0,100.0,1.3,0.5,RF,7/6/2021,0.926441789,syriaca
148,RF3,11.3,150.0,12.3,5.9,6.72,40.0,116.0,1476.0,290.0,12.0,15.0,3.8,169.0,106.0,1.0,0.6,RF,7/6/2021,0.984147743,syriaca
149,RF4,18.4,150.0,13.0,5.8,6.68,78.0,153.0,1341.0,400.0,18.0,16.0,6.5,204.0,121.0,1.0,0.6,RF,7/6/2021,0.932884191,syriaca
150,RF5,12.4,150.0,9.3,5.4,6.67,58.0,108.0,881.0,230.0,19.0,15.0,4.8,203.0,144.0,1.0,0.3,RF,7/6/2021,0.895977067,syriaca
151,RF8,14.1,150.0,13.1,5.1,6.44,63.0,146.0,1121.0,257.0,16.0,14.0,4.9,176.0,115.0,0.9,0.4,RF,7/6/2021,0.999987321,syriaca
152,RF9,12.8,150.0,12.0,5.6,6.65,69.0,133.0,1346.0,248.0,11.0,14.0,4.7,180.0,110.0,1.0,0.4,RF,7/6/2021,0.989302792,syriaca
153,RF10,13.1,150.0,13.6,5.1,6.42,75.0,160.0,1151.0,272.0,16.0,15.0,4.1,154.0,119.0,0.9,0.4,RF,7/6/2021,0.959044822,syriaca
154,RF11,13.3,150.0,14.0,5.0,6.36,55.0,135.0,1148.0,254.0,16.0,15.0,4.4,151.0,112.0,0.9,0.4,RF,7/6/2021,0.993314449,syriaca
155,RF12,15.0,150.0,10.8,5.2,6.56,57.0,110.0,982.0,218.0,14.0,15.0,5.3,164.0,123.0,0.8,0.4,RF,7/6/2021,0.933384203,syriaca
156,RF13,9.0,150.0,5.4,4.6,6.64,42.0,79.0,322.0,69.0,22.0,15.0,4.9,240.0,157.0,1.1,0.2,RF,7/6/2021,0.655692078,exaltata
157,PNR1,8.7,150.0,11.5,6.4,6.83,12.0,92.0,1647.0,238.0,8.0,13.0,5.0,265.0,102.0,0.9,0.7,PNR,7/5/2021,0.999999928,syriaca
158,PNR2,4.9,124.0,20.9,7.6,6.93,7.0,71.0,3814.0,196.0,8.0,13.0,2.3,67.0,61.0,1.3,0.9,PNR,7/5/2021,1.0,hybrid
159,PNR3,4.4,114.0,18.8,7.7,6.93,7.0,56.0,3478.0,139.0,9.0,15.0,1.6,43.0,72.0,1.0,0.6,PNR,7/5/2021,0.999047821,syriaca
